price,ema_20,ema_50,rsi_14,bb_upper,bb_lower,macd_line,macd_signal,adx,volume,vol_ma20,cmf,fib_0_618,timestamp,label,reg_target
390.3,413.17452244652515,446.17803267352673,42.79598029228537,463.06764645271306,337.472353547287,-4.631124312860095,-7.050264422638625,18.7221400380612,39217.2194,44359.26654334083,-0.17785072404181565,683.221,2024-05-30 00:00:00+00:00,,
389.1,410.88171078495134,443.9396784510355,42.530755181561084,462.922702185517,339.0572978144829,-6.154295523121164,-6.871070642735133,18.215067234329577,36410.6785,43602.25815826075,-0.16070052876260416,452.9896,2024-05-31 00:00:00+00:00,,
386.7,408.57869071019405,441.6949851784459,41.970519603497785,462.0186697713105,342.3413302286895,-7.468981849985255,-6.990652884185158,17.524452310278445,24342.6102,41768.00597175973,-0.16401149260318656,444.4328,2024-06-01 00:00:00+00:00,,
381.1,405.96167254731847,439.3187112498794,40.62580224783187,460.4754498274898,346.2645501725102,-8.860613794394624,-7.364645066227051,17.120338356400158,42176.6479,41806.92425063976,-0.20165517915878298,444.4328,2024-06-02 00:00:00+00:00,,
378.7,403.3653227809072,436.9415068871391,40.03380265725736,456.7172436776075,353.50275632239254,-10.041401058027077,-7.899996264587056,16.947231223615372,52734.3837,42847.63467438835,-0.21025257818121315,433.1638,2024-06-03 00:00:00+00:00,,
397.6,402.8162444208208,435.3987026954866,46.6294358577535,456.7540965774028,354.2559034225972,-9.344395055938264,-8.188876022857299,16.332515635114397,36442.7555,42237.64618158946,-0.23788165800143923,410.5494,2024-06-04 00:00:00+00:00,,
418.4,404.30041161883787,434.7320869035067,52.7843521773835,457.69353808915014,356.93646191084974,-7.032559640558873,-7.957612746397613,15.624065021335525,50490.299,43023.61311667618,-0.1733187102477609,409.5944,2024-06-05 00:00:00+00:00,,
423.9,406.16703908371045,434.30729918180054,54.285616837218264,458.79716033386984,360.1528396661302,-4.702403008674025,-7.306570798852896,15.321291419223991,54528.7011,44119.335781754635,-0.12090126161083303,409.5944,2024-06-06 00:00:00+00:00,,
392.4,404.85589250430945,432.66387568447504,45.3850669864231,458.3834238537051,361.56657614629495,-5.336013590431719,-6.912459357168661,16.042193354509866,122071.6152,51543.3623930161,-0.07386946613000815,401.2514,2024-06-07 00:00:00+00:00,,
361.6,400.73628369437523,429.8770570301819,38.70312187819421,458.9161825626044,360.65381743739556,-8.228602922687116,-7.1756880702723524,16.711602294418178,47833.6891,51190.06017463361,-0.0956479178165948,401.2514,2024-06-08 00:00:00+00:00,,
362.0,397.04711381872045,427.2152116564493,38.829080786437984,460.93680060668703,354.19319939331297,-10.369194531460664,-7.814389362510015,17.467768706230217,35928.0113,49736.53171038279,-0.12475428375776122,401.2514,2024-06-09 00:00:00+00:00,,
342.9,391.8902458359852,423.9087327679611,35.11817035612707,463.2418419005974,343.79815809940254,-13.45177548384487,-8.941866586776987,18.533542170619466,61806.2067,50886.024566536806,-0.16928117087321534,401.2514,2024-06-10 00:00:00+00:00,,
325.5,385.56736528017706,420.04956677706065,32.10770780618918,462.86176269134126,332.1082373086588,-17.10164061196531,-10.573821391814652,20.014883434164492,89875.6527,54599.32248400949,-0.19695890226400498,397.358,2024-06-11 00:00:00+00:00,,
354.0,382.5609495392078,417.45938768776415,41.02529599056832,455.85906553379255,329.4509344662074,-17.492826787991703,-11.957622471050064,20.449460129186853,116339.2234,60479.313047437165,-0.1071559151949886,385.33939999999996,2024-06-12 00:00:00+00:00,,
315.8,376.2027638688071,413.47274503334205,34.486734644790744,454.8006811480453,318.4493188519547,-20.647256677607913,-13.695549312361635,20.852995631707618,68436.5842,61237.14839530029,-0.1488745895222406,379.3038,2024-06-13 00:00:00+00:00,,
302.5,369.1834530241588,409.12087267909334,32.54205353220398,455.54222135616556,305.5077786438344,-23.94434839536865,-15.74530912896304,21.78108645398638,91117.5688,64082.9027195574,-0.14830164461830997,366.8202,2024-06-14 00:00:00+00:00,,
302.1,362.7945527361437,404.9239757112858,32.48272797176158,451.7155309432335,295.9544690567666,-26.28657867685797,-17.853563038542028,22.642885074673806,38662.6181,61661.9232319805,-0.15900573218259828,366.8202,2024-06-15 00:00:00+00:00,,
306.0,357.38554771365386,401.04460411476475,33.750865636190596,444.61733067050864,289.8526693294914,-27.510986120453765,-19.785047654924377,23.061706969665924,38408.3717,59447.29927655379,-0.16619736215839923,366.8202,2024-06-16 00:00:00+00:00,,
288.5,350.82501935997254,396.6310902279112,30.942432479142326,441.50548384456175,279.9345161554383,-29.552775586285804,-21.73859324119666,23.886641861484886,79117.4225,61320.64434545343,-0.17514545439763096,361.2582,2024-06-17 00:00:00+00:00,,
293.6,345.3750175161656,392.59065531701276,32.699996183720515,439.80583283418275,271.46416716581723,-30.408846813518494,-23.472643955661027,25.538518819958206,141537.0087,68960.29809350548,-0.024249929410898687,333.5718,2024-06-18 00:00:00+00:00,,
299.5,341.00596822891174,388.9400413830123,34.76834930543019,437.07277561672515,265.1172243832748,-30.26236305350392,-24.83058777522961,26.009543617862164,88913.5781,70860.61047507639,-0.020534605500360983,333.5718,2024-06-19 00:00:00+00:00,,
299.1,337.014923635682,385.4169025052471,34.69050749759501,433.5604983312345,259.62950166876556,-29.83463517254097,-25.831397254691886,26.384858976525326,62661.6006,70079.75239173579,-0.05611456268601981,333.5718,2024-06-20 00:00:00+00:00,,
286.2,332.1754070989504,381.52604358347276,32.18766929984187,430.2820307511892,252.85796924881078,-30.18858472252674,-26.70283474825886,27.060090915130278,58582.4097,68984.76737347523,-0.06253812387371445,333.5718,2024-06-21 00:00:00+00:00,,
279.0,327.11108261333607,377.50541442333656,30.8498346756313,427.2177250279569,245.7122749720432,-30.696225142344417,-27.501512827075974,27.761977144882675,20958.5969,64410.8463760014,-0.04773320524899024,333.5718,2024-06-22 00:00:00+00:00,,
272.6,321.91955093587546,373.39147660281355,29.66936897852159,423.801640745401,238.51835925459903,-31.254675896989625,-28.252145441058705,28.57753993713474,30980.2323,61226.97836876317,-0.05065548829228766,333.5718,2024-06-23 00:00:00+00:00,,
276.1,317.5557841800778,369.5761245791738,31.219396001070308,415.40840283669536,234.76159716330463,-31.056827617614886,-28.813081876369942,29.54207100587752,80533.2794,63065.67370507144,-0.046444858893379515,333.5718,2024-06-24 00:00:00+00:00,,
288.7,314.80761425816564,366.40451185057873,36.6336730342329,399.30521668392913,237.8947833160709,-29.54276611533993,-28.959018724163943,29.820574370978942,48693.3165,61696.877780778916,-0.05288943716874378,333.5718,2024-06-25 00:00:00+00:00,,
279.8,311.473555757388,363.0082564838894,34.56399600531756,377.6456898077291,245.14431019227084,-28.729837404265936,-28.913182460184345,30.079184638573114,36443.5781,59291.80162070473,-0.0791629421840276,333.5718,2024-06-26 00:00:00+00:00,,
284.7,308.9236933043034,359.9373444649134,36.68489602329067,361.71748244176854,250.30251755823147,-27.37463870009958,-28.605473708167395,30.406370406162683,34783.2126,56957.65028539952,-0.10031792465934523,333.5718,2024-06-27 00:00:00+00:00,,
268.1,305.0357225134174,356.3358799760933,32.80563849392587,353.1547365875199,249.5152634124801,-27.325128163215936,-28.349404599177102,30.975969397278934,33047.1229,54680.457201075755,-0.08619912618921859,333.5718,2024-06-28 00:00:00+00:00,,
260.0,300.7466060835681,352.558002329972,31.078666443923055,342.9994426888629,249.47055731113707,-27.621094230749065,-28.2037425254915,31.6254346500759,22647.5743,51629.70644859235,-0.10616708303895178,333.5718,2024-06-29 00:00:00+00:00,,
272.1,298.01835788513307,349.40278655232606,36.4597617924588,335.3302190096398,250.0597809903603,-26.572964007525798,-27.877586821898362,32.38008092392791,39025.1525,50429.2727392026,-0.05176299418044078,333.5718,2024-06-30 00:00:00+00:00,,
276.3,295.9499428484537,346.53601060909756,38.261620951711855,330.6340235030495,249.8359764969505,-25.113910824002915,-27.324851622319272,32.39711856135499,42674.3244,49690.70623070711,-0.03402495730740285,333.5718,2024-07-01 00:00:00+00:00,,
241.9,290.8023292438391,342.4326376440349,30.60611294256546,318.69576580674425,250.56423419325574,-26.428739118120347,-27.14562912147949,33.3296119745354,113220.6581,55741.17783730643,-0.14464797994470596,333.44820000000004,2024-07-02 00:00:00+00:00,,
236.8,285.6592502682353,338.2901812658375,29.65865800519512,317.57572332940424,243.78427667059577,-27.56453064065539,-27.22940942531467,34.4188758355575,135105.7348,63299.70707184868,-0.058180279503948336,327.1446,2024-07-03 00:00:00+00:00,,
221.9,279.5869407188796,333.72586043188306,27.026339756412,320.14857468929233,233.15142531070762,-29.328874076936074,-27.649302355638955,35.63204322230407,85019.7047,65368.27827452976,-0.073789583162828,321.21180000000004,2024-07-04 00:00:00+00:00,,
223.8,274.27389874565296,329.41504237573076,27.905046142124775,320.27341709607026,225.19658290392977,-30.225395298216597,-28.164520944154486,37.19100380586292,103013.9225,68953.57772457454,-0.042419253371052484,306.93600000000004,2024-07-05 00:00:00+00:00,,
230.7,270.12400362701936,325.54386424334916,31.147526629513408,317.2946976193327,220.64530238066726,-30.03292166476723,-28.538201088277035,38.63861006202471,32066.0632,65440.48110318649,-0.018471458395915217,306.93600000000004,2024-07-06 00:00:00+00:00,,
216.2,264.9883842339699,321.2558695671394,28.27010490620013,317.9254660432066,212.78453395679333,-30.696562873150015,-28.969873445251633,40.080319154698564,32323.2201,62286.456245740155,-0.0076503842792183694,306.93600000000004,2024-07-07 00:00:00+00:00,,
231.1,261.7609190688299,317.72034527038886,34.92299653277709,315.14234638531866,209.31765361468138,-29.678087319909707,-29.111516220183248,40.796876635457195,98867.3865,65770.35436519347,-0.08505038346282277,306.93600000000004,2024-07-08 00:00:00+00:00,,
255.5,261.16464106227465,315.2803317303736,44.07116706282122,310.1459096495309,209.91409035046914,-26.595485820135593,-28.60831014017372,39.8534960364712,134268.4177,72293.97944469887,-0.029781502493176678,306.93600000000004,2024-07-09 00:00:00+00:00,,
259.6,261.0156276277723,313.0967893095746,45.45859906337549,304.86040460245954,211.24959539754045,-23.55019420840216,-27.59668695381941,38.735010310925,47775.8761,69958.92198329898,-0.003937013719999167,306.93600000000004,2024-07-10 00:00:00+00:00,,
245.9,259.5760440441749,310.461621101356,41.73315094222922,301.26859272628263,210.8114072737174,-21.988781188287362,-26.475105800713003,37.96199505114977,33398.2262,66476.95095631812,0.0009099032213024008,306.93600000000004,2024-07-11 00:00:00+00:00,,
241.5,257.8545160399678,307.75724380326363,40.58282338685792,298.53180177790534,209.79819822209467,-20.86586464901464,-25.35325757037333,37.47817426023497,31526.1868,63148.306750954485,0.0072329775456755245,298.4174,2024-07-12 00:00:00+00:00,,
257.4,257.8112287980661,305.78244992862585,46.33892972790747,296.9965806091032,209.81341939089674,-18.479923033926156,-23.978590663083896,36.17274935848481,37943.8353,60747.88089848263,0.03878405694177243,291.3886,2024-07-13 00:00:00+00:00,,
276.9,259.6292070077741,304.64980483338564,52.42600398529525,297.12119374441806,209.76880625558195,-14.844442588669637,-22.151761048201045,34.16556811871671,39654.9473,58739.03007957953,0.03888143508625731,291.3886,2024-07-14 00:00:00+00:00,,
299.1,263.38833014989086,304.43216542815486,58.234574032409235,299.5152041707822,208.41479582921778,-10.0560240906633,-19.7326136566935,32.17334825045767,67245.4184,59549.16230057195,0.06044625719905102,291.3886,2024-07-15 00:00:00+00:00,,
304.2,267.27515584990124,304.4230609015606,59.45917354440945,304.5822580210678,205.78774197893225,-5.782977984354488,-16.942686522225696,30.502706524091685,61662.3069,59750.41416718415,0.10930088542064363,287.4158,2024-07-16 00:00:00+00:00,,
319.2,272.2203791022916,305.00254870934253,62.904309699605484,312.3495490602146,201.47045093978542,-1.1726657587922205,-13.788682369539002,29.648146056331786,78933.5584,61577.38028459519,0.1194974226029749,285.6586,2024-07-17 00:00:00+00:00,,
336.2,278.31367633064474,306.2259781717213,66.39026072701276,325.57988412615117,195.05011587384882,3.8088912926743888,-10.269167637096324,29.216545349211465,55733.678,61020.83720987184,0.17024448254532898,285.6586,2024-07-18 00:00:00+00:00,,
355.4,285.65523096582143,308.154371184595,69.83771884688582,342.39415275696615,187.77584724303378,9.20003836954794,-6.375326435767471,29.47589599828597,59709.2353,60895.92274226499,0.2103921486523302,285.6586,2024-07-19 00:00:00+00:00,,
337.9,290.6309232547908,309.32086643225796,63.44944952069489,351.9451591478677,184.80484085213232,11.923016411320077,-2.715657866349962,29.716721600998007,23434.1839,57328.138090620705,0.17419201362659567,285.6586,2024-07-20 00:00:00+00:00,,
350.3,296.3136924686203,310.9278912780518,65.83425205542835,362.9539937224215,181.19600627757848,14.909702724260455,0.8094142517721212,29.349285815720616,26140.603,54357.896653418735,0.19577888302992785,285.6586,2024-07-21 00:00:00+00:00,,
325.2,299.06476937637075,311.4875818161674,57.63653232986471,368.82482381038443,183.6551761896156,15.07750877885178,3.6630331571880532,28.753419552961834,27902.9851,51838.381267378856,0.25943287161429157,285.6586,2024-07-22 00:00:00+00:00,,
328.9,301.9062199119545,312.17042174494514,58.45772325358806,374.2828825744672,187.40711742553276,15.332313992234162,5.996889324197276,27.2067540921195,44292.3161,51119.70839429515,0.2746945004016659,285.6586,2024-07-23 00:00:00+00:00,,
332.3,304.8008656346255,312.9598169706336,59.23962588786456,378.2528506659064,194.4771493340936,15.628445552665028,7.923200569890826,26.19748155765641,50797.4028,51089.01262340989,0.3217735135067341,285.6586,2024-07-24 00:00:00+00:00,,
327.5,306.96268795513737,313.53002022668716,57.59158339831414,380.38345090673846,202.71654909326156,15.299449532459391,9.398450362404539,24.822445307478027,69302.0341,52823.58609737086,0.31912437028739926,285.6586,2024-07-25 00:00:00+00:00,,
351.2,311.17576529274334,315.0072743354445,63.05652618048317,385.42293395407717,209.7270660459228,16.757934707142,10.870347231352032,24.642281108653926,63999.6215,53887.97042143078,0.3033569713723676,285.6586,2024-07-26 00:00:00+00:00,,
337.5,313.682835264863,315.8893420085643,58.37370349055783,384.66188346366613,222.61811653633384,16.616771414290554,12.019632067939735,24.474985781174404,41807.5129,52737.450657484995,0.2992227067266119,271.8684,2024-07-27 00:00:00+00:00,,
335.4,315.75113666820937,316.65446585136567,57.66675688865978,383.7221483362355,233.98785166376445,16.149287108902286,12.845563076132246,24.13892858271509,20497.1298,49666.943909153095,0.27818516506229546,261.5162,2024-07-28 00:00:00+00:00,,
318.8,316.0415046045704,316.73860444542976,52.277176394945386,382.8398446764739,241.20015532352608,14.274770492328514,13.1314045593715,23.217731459013287,36786.7919,48440.262765424224,0.2158048642140444,261.5162,2024-07-29 00:00:00+00:00,,
321.4,316.5518374993732,316.9214042710992,53.017825481735706,381.7829600362837,248.4370399637162,12.850864077721383,13.075296463041477,22.19911332896911,32687.4039,46939.990492526675,0.2275345830515461,261.5162,2024-07-30 00:00:00+00:00,,
302.2,315.1849958327663,316.3440942996836,47.193076501410275,376.992042417916,258.857957582084,10.057195358838555,12.471676242200893,20.722497120108468,38916.1745,46175.81754085747,0.21987107232064448,261.5162,2024-07-31 00:00:00+00:00,,
298.1,313.55785337250285,315.62863962126465,46.0301167343098,369.4102145201302,272.0997854798698,7.42674613055334,11.462690219871384,20.35025794325706,53051.3746,46830.63249887104,0.2508609791366548,259.5298,2024-08-01 00:00:00+00:00,,
263.2,308.7618673370264,313.5726145380778,37.54807617955447,368.2333237676428,273.85667623235713,2.4971719929446294,9.669586574486033,20.54127590410652,50282.0272,47159.33675612142,0.18546646727242677,259.5298,2024-08-02 00:00:00+00:00,,
248.3,303.0035942573096,311.01290416403555,34.615343747802086,373.3473840900428,265.8826159099571,-2.5820917558136216,7.219250908426102,21.131239790893936,49700.1687,47401.32075077652,0.10681527456443247,259.5298,2024-08-03 00:00:00+00:00,,
217.8,294.8889662328039,307.3574961576028,29.53073777714407,384.90530260910043,246.1946973908996,-8.965194786825805,3.982361769375721,22.647268052248574,104117.514,52802.86296498828,-0.003319094173915092,259.5298,2024-08-04 00:00:00+00:00,,
229.0,288.6138265915845,304.28465317103013,33.39947450895593,390.6951557250849,232.88484427491514,-12.970586679649273,0.5917720795707222,24.830488985355323,351093.6189,81211.50638737035,0.17241805295475715,241.36059999999998,2024-08-05 00:00:00+00:00,,
259.5,285.8410812019098,302.5283922623623,42.63539086380379,390.81871775501884,226.79128224498106,-13.527852844344068,-2.232152905212236,25.372886386273,151373.9969,87893.64834095413,0.19192786524199712,241.36059999999998,2024-08-06 00:00:00+00:00,,
247.7,282.2085972779184,300.3782592324657,40.30652465116922,389.495183134385,219.26481686561496,-14.751604365465653,-4.736043197262919,25.83594530270531,107604.6151,89770.88327038706,0.0855060972721167,241.36059999999998,2024-08-07 00:00:00+00:00,,
305.2,284.3982546800214,300.5673471057024,53.60533649034807,383.71693274643775,220.02306725356226,-10.955380008903205,-5.9799105595909765,24.6145963119399,127861.0888,93398.52189225495,0.1079222538640175,241.36059999999998,2024-08-08 00:00:00+00:00,,
297.7,285.6650875676384,300.4549021211651,51.978703696793026,380.02611254139686,219.69388745860317,-8.454573119757072,-6.474843071624195,23.171300809523057,88296.9323,92912.6562168021,0.08448380841903859,241.36059999999998,2024-08-09 00:00:00+00:00,,
295.6,286.6112697040538,300.26451380268804,51.507407534489076,373.8809476522823,220.36905234771766,-6.566424438861873,-6.4931593450717315,21.97854845712967,43810.3626,88236.24730091619,0.07843464510863031,241.36059999999998,2024-08-10 00:00:00+00:00,,
284.6,286.4197202084297,299.65021914375916,49.001110966639175,370.9153528084637,219.27464719153627,-5.889767501535346,-6.3724809763644545,20.614632988942283,78006.1823,87261.95539606703,0.057993581187770676,241.36059999999998,2024-08-11 00:00:00+00:00,,
282.2,286.01784209334113,298.96589682439605,48.447206650251175,367.13484520992233,218.38515479007765,-5.483956311304723,-6.194776043352509,19.606134982992423,106260.8423,89071.37319644161,0.029630540772593764,241.36059999999998,2024-08-12 00:00:00+00:00,,
284.9,285.91138094159436,298.41429302736094,49.143690214932136,362.56218023587695,218.21781976412302,-4.888133227092055,-5.933447480100419,18.669672548896123,55586.2125,85882.31027297098,0.043892993247231754,241.36059999999998,2024-08-13 00:00:00+00:00,,
275.6,284.9293446614425,297.51961486942525,46.798415675733445,358.1526996497179,217.43730035028204,-5.107495389294797,-5.768257061939295,17.905992280635175,66977.6674,84081.86809459279,0.00884959034173934,241.36059999999998,2024-08-14 00:00:00+00:00,,
267.5,283.2694070746384,296.34237507062426,44.79336052179186,348.0963365372845,219.1236634627155,-5.867309101683929,-5.7880674698882215,17.74444673315425,69835.9107,82725.11024748872,-0.0018695099584154456,241.36059999999998,2024-08-15 00:00:00+00:00,,
274.3,282.4151778294348,295.47796820510956,46.85204736642788,340.07427358047994,220.82572641952007,-5.853290681456826,-5.801112112201943,17.59444015335053,76351.3829,82118.08859534693,0.02518424397691469,241.36059999999998,2024-08-16 00:00:00+00:00,,
276.2,281.8232561313934,294.721969451968,47.44179858124091,331.52442976473355,223.4555702352665,-5.624036469809255,-5.765696983723405,17.455148329247077,31617.4378,77308.50280531388,0.0338310548380371,241.36059999999998,2024-08-17 00:00:00+00:00,,
280.5,281.6972317379274,294.164245159734,48.825788735592134,326.2263524005028,224.9236475994972,-5.037309820002065,-5.620019550979137,16.475369479537136,59595.0195,75621.50439528399,0.04441103720476159,241.36059999999998,2024-08-18 00:00:00+00:00,,
287.7,282.26892395336284,293.9107453495484,51.14556053522634,320.4047245504036,227.37527544959636,-3.9458594838853287,-5.285187537560375,15.565574833377905,48343.6056,73023.60927192362,0.06244989340962371,241.36059999999998,2024-08-19 00:00:00+00:00,,
295.0,283.4814073863759,293.9534612181936,53.44961343375442,319.2676912403755,227.79230875962446,-2.4634313346897443,-4.720836296986249,15.139836554786893,58766.4718,71665.78665554993,0.06630094013793994,241.36059999999998,2024-08-20 00:00:00+00:00,,
296.9,284.75936858767346,294.0690117586566,54.056942034460675,319.0815818625042,227.85841813749585,-1.1223445359217976,-4.001137944773359,14.452193691599506,45810.4269,69203.37144073566,0.059394637430215155,241.36059999999998,2024-08-21 00:00:00+00:00,,
319.9,288.1060953888474,295.0819916896897,60.73519420602242,325.8864673038215,226.7235326961785,1.7759125803314078,-2.8457278397524055,14.449644230058173,64009.6912,68708.73522733226,0.11461160098029098,241.36059999999998,2024-08-22 00:00:00+00:00,,
346.4,293.6578958280048,297.09446260381947,66.73495285186948,337.67141691456135,224.7485830854386,6.1403486391584465,-1.048512543970235,15.558905417217527,106547.9054,72312.46571996728,0.1586912249186555,241.36059999999998,2024-08-23 00:00:00+00:00,,
339.2,297.99523908248057,298.74566014876774,63.87894518788925,341.2143526891713,233.34564731082875,8.915444142351646,0.9442787932941412,16.588933662436926,60032.341,71142.93003235135,0.19433698370810995,241.36059999999998,2024-08-24 00:00:00+00:00,,
349.0,302.85283536033955,300.71641857430626,66.01111223206493,346.6417316060856,239.91826839391442,11.769830144655657,3.1093890635664447,17.027521080933223,66101.7371,70662.81641974645,0.08240176664686649,241.36059999999998,2024-08-25 00:00:00+00:00,,
336.4,306.04780342125963,302.1157747086472,61.02355959500144,351.27283005809113,242.9771699419089,12.86691513056735,5.060894276966627,17.538874832010983,56518.8605,69315.77299881823,0.0013639606792305546,241.36059999999998,2024-08-26 00:00:00+00:00,,
312.0,306.61467928590156,302.5033913867395,52.71693541483972,349.8003841473145,250.8796158526856,11.63338439154586,6.375392299882473,16.473669743390364,97978.6955,72045.57514178792,0.01717618980156799,241.36059999999998,2024-08-27 00:00:00+00:00,,
298.5,305.8418526872443,302.34639564608307,48.76201882802585,349.41991576437135,250.59008423562867,9.457445671326127,6.991802974171205,15.55288571902108,111201.9806,75774.75661399859,-0.08992368827101818,241.36059999999998,2024-08-28 00:00:00+00:00,,
283.8,303.74262862179245,301.6190860129033,44.81909401518005,349.2235212141952,249.3964787858048,6.472223646409475,6.887887108618859,15.09824277902517,81788.8414,76347.52659361777,-0.10265715467054638,241.36059999999998,2024-08-29 00:00:00+00:00,,
282.5,301.7195211340027,300.86931793396593,44.476579564151905,349.08719110845686,248.2228088915432,3.9559132434530397,6.301492335585696,15.15654682340541,63876.3227,75159.7928894637,-0.07066435898839978,241.36059999999998,2024-08-30 00:00:00+00:00,,
281.2,299.76528102600247,300.0979721326339,44.11352469220466,349.1280360464291,247.84196395357094,1.8356596429208025,5.408325797052718,14.792612036716877,33563.9853,71198.28740475287,-0.0546739592085716,241.36059999999998,2024-08-31 00:00:00+00:00,,
263.7,296.33049235685934,298.6706006764522,39.44564811690351,350.0028603338902,245.11713966610978,-1.2424383021448762,4.078172977213199,15.078632289501604,44675.4052,68672.29862334784,-0.07226175560421877,241.36059999999998,2024-09-01 00:00:00+00:00,,
280.2,294.79425498953935,297.9462633950227,45.32057080570945,350.03412160148287,244.615878398517,-2.323655343980988,2.7978073129743617,15.167540400996979,45314.5459,66447.75074493377,-0.07168483552774986,241.36059999999998,2024-09-02 00:00:00+00:00,,
247.6,290.2995640381547,295.97190012462966,37.56581760939956,352.23247286106806,239.61752713893196,-5.744852110730335,1.0892754282334225,15.778423571332183,58086.2575,65651.41805494008,-0.08809940958033825,241.36059999999998,2024-09-03 00:00:00+00:00,,
255.6,286.9948436535686,294.3886883550363,40.266941071194175,353.059891737296,237.60010826270405,-7.7216318896851135,-0.6729060353502848,16.625516052620746,87841.4047,67764.75011637436,-0.07269414956601851,241.36059999999998,2024-09-04 00:00:00+00:00,,
237.7,282.300096638943,292.1656025371918,36.46547111456159,355.91102466712044,231.08897533287956,-10.610315398670366,-2.660387908014301,17.47418059788379,61582.1481,67175.93087671965,-0.1328874226481722,241.36059999999998,2024-09-05 00:00:00+00:00,,
231.5,277.4619921971389,289.78655930043914,35.225025904346666,358.9709605943222,223.55903940567777,-13.247200593474588,-4.777750445106358,18.759992695925444,114781.1087,71709.75733607968,-0.15316903532026768,241.36059999999998,2024-09-06 00:00:00+00:00,,
235.1,273.42751674979235,287.6419883474807,36.57416718460057,360.9061250085821,217.08387499141793,-14.874991551301491,-6.797198666345386,19.953961072678407,67207.5074,71280.97162788162,-0.16424065891887943,241.36059999999998,2024-09-07 00:00:00+00:00,,
246.0,270.81537229743117,286.0089691965991,40.607729679988815,361.22823194882875,212.5917680511712,-15.111295104569876,-8.460017953990285,20.583245065048295,56038.5022,69829.30787284528,-0.17616108264966612,241.36059999999998,2024-09-08 00:00:00+00:00,,
277.1,271.41390826910435,285.659597855556,50.316296940525305,360.35309992191026,211.67690007808972,-12.64331304397308,-9.296676971986845,19.602281726520914,96551.8018,72374.30729447906,-0.11140599023352406,241.36059999999998,2024-09-09 00:00:00+00:00,,
287.4,272.93639319585634,285.727848920044,53.053398396671604,359.71504701717356,211.36495298282637,-9.743973104257975,-9.38613619844107,18.20780775346845,59091.7091,71109.29794262392,-0.1087628288920881,241.36059999999998,2024-09-10 00:00:00+00:00,,
284.0,273.9900700343462,285.66009013886577,52.03435313511384,356.2253552695481,211.26464473045186,-7.632593116113526,-9.035427581975561,17.082390067357835,102799.2019,74127.38403380259,-0.15591915371056053,241.36059999999998,2024-09-11 00:00:00+00:00,,
293.3,275.8291109834561,285.9596944471455,54.602953720529705,347.8607690535306,214.31923094646947,-5.1495165656743325,-8.258245378715316,16.03735935882655,73210.5774,74040.06911629759,-0.1680511642608665,241.36059999999998,2024-09-12 00:00:00+00:00,,
320.3,280.06443374693646,287.30637309627707,61.11366945451487,344.07381900989503,216.21618099010496,-0.9915561165760778,-6.804907526287469,16.047645152576198,84700.7285,75055.37000998354,-0.10932993155075904,241.36059999999998,2024-09-13 00:00:00+00:00,,
326.9,284.52496386627587,288.8590643474035,62.528382731820116,338.7979584657969,219.282041534203,2.8039007152424915,-4.883145877981477,16.37568957074061,73055.6198,74864.91760903274,-0.10385929654313363,240.4438,2024-09-14 00:00:00+00:00,,
302.0,286.18925302186864,289.3743951573092,54.47612335933301,332.15227516709405,222.48772483290597,3.75927115937111,-3.154662470510959,16.18268707827732,71103.9149,74506.72687483915,-0.11180877918195567,240.4438,2024-09-15 00:00:00+00:00,,
288.3,286.39027654359546,289.3322620138853,50.61407450663913,328.9036753671145,223.3663246328855,3.3720625767439856,-1.8493174610599703,15.087966299276335,118672.5935,78712.99988675924,-0.10786499932971397,240.4438,2024-09-16 00:00:00+00:00,,
323.9,289.96263115849115,290.68785958196827,58.78986446252509,333.39019357830176,221.4198064216983,5.870152005435045,-0.30542356776096735,15.106393653725169,135600.3012,84130.83810706789,-0.010976009947598633,240.4438,2024-09-17 00:00:00+00:00,,
337.6,294.49952342911104,292.5275513630676,61.4357250192567,341.916565007689,218.27343499231097,8.853325751498573,1.526326296090941,15.308031721709312,135645.744,89037.01962068047,0.10307502266752316,240.4438,2024-09-18 00:00:00+00:00,,
374.2,302.09004500729094,295.73039248608455,67.44854867931214,358.89462389583275,210.46537610416715,14.009335657941563,4.022928168461066,16.805070495972615,179225.4526,97626.39419013947,0.11969965351399926,248.886,2024-09-19 00:00:00+00:00,,
407.6,312.1386121494537,300.11743591800285,71.77366552528062,382.47395257667574,199.5260474233243,20.55368147457989,7.329078829684831,19.091871134568652,185938.1693,106037.03943869763,0.14349315471571264,266.9546,2024-09-20 00:00:00+00:00,,
469.3,327.1063633733153,306.75204627415957,77.6749151619804,420.2501239807706,182.30987601922948,30.368725274230087,11.937008118593884,21.777245980537327,161831.6856,111350.81526358357,0.22376498627655148,282.42560000000003,2024-09-21 00:00:00+00:00,,
469.6,340.67718590919,313.138240537918,77.69932855914837,449.93555241116053,171.56444758883944,37.73642368963431,17.09689123280197,24.38995744538176,155832.269,115587.14419086133,0.21655170812847793,286.1692,2024-09-22 00:00:00+00:00,,
540.7,359.7269777273624,322.06223110505846,82.56541432279377,493.6053504752589,157.20464952474114,48.75058713543956,23.42763041332949,27.690605573660942,298112.5184,132970.51316316024,0.2592672914146588,323.75800000000004,2024-09-23 00:00:00+00:00,,
550.4,377.8863131818993,331.016653414664,83.10698580048079,531.3838294776976,148.90617052230235,57.59814439770355,30.2617332102043,30.86258693456397,204103.6019,139745.09304285925,0.21979497359999323,364.6836,2024-09-24 00:00:00+00:00,,
551.9,394.45904525981365,339.6787454376184,83.19392480503576,561.8989610859778,149.81103891402225,63.993260265315485,37.00803862122654,33.80799819825963,133676.2077,139167.10396258696,0.2200141577497274,364.6836,2024-09-25 00:00:00+00:00,,
526.4,407.02485047316475,347.0011475773196,76.030375471457,581.0964132711052,160.10358672889484,66.24022272267166,42.85447544151557,35.267197223778815,188212.48,143838.09215662628,0.20048158525447593,364.6836,2024-09-26 00:00:00+00:00,,
548.9,420.5367694757205,354.91874963311096,77.84325761798308,600.7897986013038,171.79020139869618,69.04066085623936,48.09171252446033,36.622167747475196,133074.5343,142812.99140837617,0.22455301050895135,364.6836,2024-09-27 00:00:00+00:00,,
535.8,431.5142200018424,362.0121320004399,74.31889144013437,614.5666094964788,186.99339050352128,69.40293391409165,52.35395680238659,37.84397737127931,78847.6871,136721.0576647213,0.21910564487743328,364.6836,2024-09-28 00:00:00+00:00,,
560.6,443.80810381119073,369.79989152983444,76.48906739714126,631.6347865514915,198.2752134485086,70.87419703447063,56.05800484880341,39.36892124703394,131815.4681,136253.85865855735,0.2001352027703195,364.6836,2024-09-29 00:00:00+00:00,,
578.1,456.597808210125,377.96852323454686,77.90777129740434,648.9763722421051,210.00362775789503,72.61522429933189,59.3694487389091,41.0155862820457,156219.1819,138155.3180148852,0.1919866436224106,368.69460000000004,2024-09-30 00:00:00+00:00,,
537.9,464.34087409487495,384.2403458527999,67.78847205137589,655.8358673045816,228.53413269541855,69.94491546924513,61.48454208497631,41.48539958810659,239407.6694,147798.39909918187,0.14550941187683525,371.9798,2024-10-01 00:00:00+00:00,,
519.7,469.613171800125,389.5524891526901,63.751199779432056,658.2059767929793,248.80402320702055,65.60384826083822,62.3084033201487,41.2596158110665,202576.7033,153015.38045164075,0.10110144747591288,371.9798,2024-10-02 00:00:00+00:00,,
497.0,472.221441152494,393.76611702905524,59.029076354433336,658.3499732156502,266.3300267843498,59.644278815381654,61.7755784191953,40.292189629685694,151961.5944,152915.019875294,0.058223599224061735,371.9798,2024-10-03 00:00:00+00:00,,
585.8,483.03844675701833,401.2968575377198,68.77329335748277,667.9746289373144,282.5953710626857,61.379154277597934,61.696293590875825,40.08092240660602,161511.9562,153733.7757157422,0.08969660590067993,371.9798,2024-10-04 00:00:00+00:00,,
565.4,490.88240420873086,407.7322748891818,64.95154104536314,667.4915937455243,309.4184062544758,60.41155922061529,61.43934671682372,40.10544314715998,95364.3986,148174.78741900486,0.09448986224812717,371.9798,2024-10-05 00:00:00+00:00,,
634.9,504.59836571266123,416.6408131288217,70.88716676734201,670.4956830172223,341.0743169827777,64.50918065208907,62.053313503876794,40.5894590614505,102486.4629,143823.51841719486,0.14551979286340883,379.0468,2024-10-06 00:00:00+00:00,,
610.8,514.7128070733602,424.2548988884758,66.67069237046718,668.1019311220876,372.15806887791234,65.06191333313438,62.655033469728316,41.507416910321986,193552.494,148559.61132984297,0.07579507578975807,395.0908,2024-10-07 00:00:00+00:00,,
607.4,523.5401587806592,431.4370597163787,66.07357975956847,660.2199304897118,407.0200695102882,64.48229462645338,63.020485701073326,42.359806341416935,133535.9532,147128.7867460484,0.0071345910494953115,395.0908,2024-10-08 00:00:00+00:00,,
569.8,527.9458579444059,436.86305737455996,59.70522526072509,647.4374932416188,439.36250675838124,60.29390624228506,62.47516980931567,41.88239431522687,107381.0638,143343.2893226152,-0.0495238726890445,395.0908,2024-10-09 00:00:00+00:00,,
563.8,531.3605381401768,441.8409766932047,58.732421172225195,634.7247867146883,467.6952132853118,55.84666285021831,61.14946841749621,40.586724086169404,123532.9425,141456.58962522328,-0.06572049217611954,395.0908,2024-10-10 00:00:00+00:00,,
621.8,539.9738202220647,448.8981932934712,64.71707523094287,638.8156045238461,478.85439547615397,56.352706769821566,60.19011608796128,40.09624480604463,113721.0816,138815.1126704401,-0.09423508249239836,395.0908,2024-10-11 00:00:00+00:00,,
656.6,551.0810754390109,457.0433621839233,67.74001921582854,647.9736527019969,488.3963472980032,58.88305221372934,59.928703313114895,40.125399559975,111494.2957,136213.13010182677,-0.09834412069324991,396.31320000000005,2024-10-12 00:00:00+00:00,,
640.5,559.5971634924384,464.23774013749494,64.96677482058064,657.8002651399088,488.5497348600911,58.9101541744692,59.72499348538576,40.152471831481776,71130.9192,130014.82430165278,-0.15163467198715838,396.31320000000005,2024-10-13 00:00:00+00:00,,
632.7,566.5593383979204,470.8441032693579,63.6081210284995,665.0317095798792,489.54829042012074,57.63782489385835,59.307559767080285,40.33161927198274,110145.0941,128122.46904435252,-0.16266546195258505,396.31320000000005,2024-10-14 00:00:00+00:00,,
597.8,569.5346395028804,475.82276588624586,57.785093712041345,666.9505601481492,492.2194398518509,53.200098820515336,58.086067577767295,39.47493249297941,121882.291,127528.1663734618,-0.17494934639692028,396.31320000000005,2024-10-15 00:00:00+00:00,,
579.6,570.4932452645108,479.89246134168724,54.959500231233626,666.1420196133324,498.3479803866678,47.66512712407268,56.001879487028376,38.22996642239472,113878.6132,126228.20892837021,-0.1876015071312551,396.31320000000005,2024-10-16 00:00:00+00:00,,
578.3,571.2367457155099,483.75158050475835,54.75354976184423,666.2425778149332,501.1874221850666,42.68171480208389,53.33784655003949,36.82724111012629,75777.8837,121423.4160494778,-0.21011130681072476,396.31320000000005,2024-10-17 00:00:00+00:00,,
576.4,571.7284842187947,487.38485185751296,54.432499358845554,665.4058429531088,506.0841570468912,38.13936366887799,50.29814997380719,35.56915608070796,76699.3757,117163.98363524182,-0.2211436997066128,396.31320000000005,2024-10-18 00:00:00+00:00,,
557.9,570.4114857217667,490.15015178466933,51.27961182898313,665.4497870738634,505.77021292613637,32.67012145717683,46.77254427048112,33.92341654860176,45257.6015,110315.75676521879,-0.24568929737702827,396.31320000000005,2024-10-19 00:00:00+00:00,,
603.2,573.5342013673127,494.58347916566265,57.73525623180816,666.9817466888157,506.74825331118427,31.62646876758572,43.74332916990204,32.84260610714875,84797.5826,107885.45446376938,-0.2305563835809406,396.31320000000005,2024-10-20 00:00:00+00:00,,
547.4,571.045229808521,496.65471527681314,49.104128425927414,666.3955096119166,508.28449038808316,25.9970945091585,40.194082237753335,31.478461567149346,76435.4074,104890.21188626753,-0.2194140189872964,396.31320000000005,2024-10-21 00:00:00+00:00,,
543.0,568.3742555410428,498.4721774228205,48.48857041046082,664.1523257954295,512.8576742045705,20.93935576527224,36.343136943257115,30.07101381651962,61899.5854,100795.866506623,-0.20827056369440972,396.31320000000005,2024-10-22 00:00:00+00:00,,
527.4,564.4719454895148,499.6066018376119,46.27373166156635,659.2016398432293,520.8483601567707,15.49367035891953,32.1732436263896,27.946759060386757,81485.8495,98956.817267897,-0.19265682940172726,396.31320000000005,2024-10-23 00:00:00+00:00,,
542.8,562.4079506809896,501.3004605890781,48.76188249548262,660.0510867600888,515.6989132399112,12.279031703128453,28.194401241737374,26.245335083698045,78485.8955,97007.20567095443,-0.2803225313709078,396.31320000000005,2024-10-24 00:00:00+00:00,,
486.1,555.1405268066097,500.70436409538877,41.196993323991556,668.2729515842107,499.5470484157893,5.097431255393303,23.575007244468562,25.588777293298694,111809.0015,98416.90051181591,-0.27392069475086156,396.31320000000005,2024-10-25 00:00:00+00:00,,
510.7,550.9080956821707,501.0963498171382,45.17134616509935,664.3879230342953,491.0120769657048,1.3751239957101689,19.135030594716884,24.979116487927865,62165.6911,94964.40437735725,-0.315327842042278,403.482,2024-10-26 00:00:00+00:00,,
510.9,547.0978008552974,501.4808066870544,45.203772444516424,662.6400982653597,482.7699017346402,-1.5409301136793374,14.99983845303764,24.413002882940667,40656.8415,89792.25553189465,-0.25333713489523646,405.2124,2024-10-27 00:00:00+00:00,,
514.2,543.9646769643166,501.97959858167974,45.77363310009472,659.9431931269594,476.14680687304053,-3.5447795713071173,11.29091484816869,23.474776678724687,99643.2176,90730.44239552373,-0.18339628877090913,412.44300000000004,2024-10-28 00:00:00+00:00,,
521.2,541.7966124915246,502.7333398137707,47.031980429335576,659.7422176365579,471.48778236344214,-4.515946188294151,8.12954264087612,21.85559501740155,124550.1821,93951.36998642623,-0.16989958653685194,429.25260000000003,2024-10-29 00:00:00+00:00,,
494.0,537.2445541589984,502.3908558995052,42.86913494741093,661.3030999011372,462.94690009886284,-7.395168509998484,5.024600410701201,20.81658022420871,78132.5074,92444.81164486182,-0.21166222482959504,429.25260000000003,2024-10-30 00:00:00+00:00,,
484.6,532.2307870962367,501.6931752759952,41.50200518598606,655.9519460257882,454.57805397421185,-10.316551599539025,1.9563700086531557,20.295190338003774,58619.1082,89223.31607868451,-0.26452718195366415,434.01120000000003,2024-10-31 00:00:00+00:00,,
463.7,525.7040454680237,500.2032468337993,38.557722488218424,642.515977212679,448.724022787321,-14.155053432090313,-1.2659146794955383,20.379194787894296,99077.3656,90161.79698547647,-0.2978733645664881,435.0,2024-11-01 00:00:00+00:00,,
439.4,517.4846125663071,497.8188057814935,35.412098813670994,632.7273028751379,438.402697124862,-18.939577050959997,-4.8006471537884305,20.854887164313585,72288.6311,88459.59071066919,-0.29727842711651564,435.0,2024-11-02 00:00:00+00:00,,
434.4,509.57179232189685,495.3317937900624,34.783295912120565,621.6037075886079,429.69629241139205,-22.871160204764237,-8.414749763983593,21.70586079317091,91706.1847,88768.7901382245,-0.23257156796036813,435.0,2024-11-03 00:00:00+00:00,,
419.7,501.0125740055257,492.3658410924129,32.931850069148425,617.2132731015125,416.2767268984875,-26.863469966807315,-12.104493804548337,22.570231994594288,74227.5175,87383.90702982218,-0.20334573856512278,435.0,2024-11-04 00:00:00+00:00,,
458.2,496.9351860049994,491.0260041868281,41.68647692687513,609.881086002826,411.46891399717384,-26.613986504398838,-15.006392344518439,22.52796432144217,93571.5815,87973.2093603153,-0.11420142344143328,435.0,2024-11-05 00:00:00+00:00,,
527.6,499.85564448071375,492.4602785324427,53.47568700698246,602.7909672428134,413.4890327571866,-20.579046623544343,-16.12092320032362,21.32831123751718,202275.6432,98859.15544028528,-0.019496625575206684,449.9556,2024-11-06 00:00:00+00:00,,
507.5,500.5836783396934,493.05007153117043,50.30366408875889,594.0232144677713,415.3667855322287,-17.21971712574043,-16.34068198540698,20.40732050463578,100073.8904,98974.84448406764,-0.04869583817247471,467.8158,2024-11-07 00:00:00+00:00,,
499.0,500.43285183115114,493.28340205935984,48.98050888727434,587.6870118167961,415.81298818320386,-15.069590400956884,-16.086463668516963,19.174000816584748,84376.1756,97584.49506653738,-0.04493693708241107,487.9626,2024-11-08 00:00:00+00:00,,
516.3,501.94400879961296,494.18601374330655,51.76160427714486,570.1619508706913,424.64804912930884,-11.833227976685407,-15.235816530150652,18.35208149972697,105044.5767,98294.97903162906,-0.06060079684320936,504.0924,2024-11-09 00:00:00+00:00,,
560.0,507.47315081869743,496.7669543808239,57.99095257125873,572.7056977334495,423.36430226655057,-5.6767249038038585,-13.323998204881294,18.52037286143527,207609.9926,108705.93270480724,0.03682258424079612,509.90160000000003,2024-11-10 00:00:00+00:00,,
606.2,516.8757078835833,501.0584463658896,63.375688920145905,587.6318781250235,414.7581218749765,2.8969082718589334,-10.07981690953325,19.455837639417727,220482.4098,119351.31147577797,0.10942814507595629,509.90160000000003,2024-11-11 00:00:00+00:00,,
568.5,521.7923071327659,503.70321317507046,56.95957046026381,593.9312770090946,412.56872299090537,6.5737216343085265,-6.749109200764895,19.46557209198534,244507.9668,131270.9929352277,0.10330894290721837,509.90160000000003,2024-11-12 00:00:00+00:00,,
538.4,523.3739921677405,505.06387148193045,52.39838809741871,593.3470216515145,412.7129783484853,6.978362056349624,-4.0036149493419915,19.474611226512412,175131.6911,135448.20228425364,0.07518320000075489,509.90160000000003,2024-11-13 00:00:00+00:00,,
494.9,520.6621833898605,504.66528828656067,46.59172100013241,593.5382208106731,413.40177918932704,3.7457770644291486,-2.4537365465877636,18.722661996511274,146558.6394,136506.33915241997,0.04316723456798463,509.90160000000003,2024-11-14 00:00:00+00:00,,
518.2,520.4276897336833,505.19606129493087,49.8006384302469,594.0927805821293,413.5972194178707,3.0291275458084783,-1.3571637281085152,18.02442342579593,104164.4337,133426.15768076092,0.06235988037852168,509.90160000000003,2024-11-15 00:00:00+00:00,,
517.7,520.1679097590468,505.6864118323846,49.73158567180582,594.5876387889213,413.7823612110789,2.39324399081147,-0.6070821843245182,17.727915914248236,83752.4147,128695.32501592656,0.04172270902060683,509.90160000000003,2024-11-16 00:00:00+00:00,,
491.1,517.3995374010424,505.114395682095,46.07162851947498,593.4815583060908,412.57844169390916,-0.2541661333690399,-0.5364989741334226,16.843126565303947,85855.3951,124615.33169060023,0.009940632360130179,509.90160000000003,2024-11-17 00:00:00+00:00,,
511.5,516.8376766961812,505.36481153769915,49.161695990932905,592.7052013085606,412.3847986914395,-0.6981009470903246,-0.5688193687248031,15.769310945897702,145970.5424,126649.16128197164,0.06141011229619792,509.90160000000003,2024-11-18 00:00:00+00:00,,
482.7,513.586469391783,504.4759953989659,45.22212754049933,592.4882670257263,411.4717329742738,-3.3353934541701733,-1.1221341858138771,14.711101712865695,127396.7291,126720.35821702196,0.06470554769617012,509.90160000000003,2024-11-19 00:00:00+00:00,,
482.0,510.5782342116132,503.5945838146927,45.12747047854572,592.4651532581619,411.23484674183817,-5.419478541435865,-1.9816030569382748,14.188038282139699,148552.8732,128799.64535825796,0.10167325841669456,509.90160000000003,2024-11-20 00:00:00+00:00,,
518.9,511.3707833343167,504.1947962141166,50.9553033897278,593.7598266964112,415.4601733035888,-4.046958555203219,-2.3946741565912637,13.62254488080453,189039.0567,134536.73215270956,0.15758925313342323,509.90160000000003,2024-11-21 00:00:00+00:00,,
511.3,511.36404206438175,504.47343165670026,49.78256461017966,592.1959393922948,424.2140606077053,-3.531771004106986,-2.6220935260944085,13.097443865279017,99149.9508,131166.56250007055,0.18556709179821612,509.90160000000003,2024-11-22 00:00:00+00:00,,
521.9,512.3674666296787,505.1568264936924,51.46053329507087,589.5604546622071,435.59954533779296,-2.242301885679865,-2.5461351980114997,13.259108713181755,154058.9437,133346.78928101622,0.1603844868937149,509.90160000000003,2024-11-23 00:00:00+00:00,,
527.4,513.7991364744712,506.02910780766524,52.35020919838266,582.2190667973638,453.71093320263606,-0.7677343212634469,-2.1904550226618893,13.004567178479151,143935.7534,134355.26205425276,0.17764394880152942,509.90160000000003,2024-11-24 00:00:00+00:00,,
546.0,516.8658853816644,507.5965937759921,55.33194273351722,581.46775581463,463.24224418537,1.8800634493907182,-1.3763513282513677,13.193091667724852,199336.933,140543.9926205144,0.1804834219960585,509.90160000000003,2024-11-25 00:00:00+00:00,,
558.9,520.8691343929345,509.60849205928656,57.3264167927706,585.1256075862341,462.71439241376606,4.9621834868046335,-0.10864436524016752,13.570110729423622,253195.9698,151272.75235189396,0.1765780381216266,509.90160000000003,2024-11-26 00:00:00+00:00,,
560.8,524.6720739745598,511.6160021746087,57.62652233141721,589.3211227683067,463.84887723169334,7.471967749886176,1.4074780577851012,14.349450506546882,159325.1953,152039.651680285,0.18413248424860237,509.90160000000003,2024-11-27 00:00:00+00:00,,
595.5,531.4175907388874,514.9055707167809,62.775326291051336,599.5302436871746,463.28975631282566,12.121263480221955,3.550235142272472,15.404574748089503,162232.78,153010.42580597216,0.2116342119378118,509.90160000000003,2024-11-28 00:00:00+00:00,,
617.4,539.6063916208981,518.9249601004366,65.61507343961799,613.739504851212,459.19049514878776,17.372748585411387,6.314737830900255,16.944808268376555,166489.2062,154294.11917683194,0.20631511285337795,509.90160000000003,2024-11-29 00:00:00+00:00,,
677.8,552.7676876570031,525.1553538219881,71.96688539223929,640.9294282255797,443.7805717744201,26.107413569985283,10.273272978717262,19.002705184353125,146850.9686,153585.2476933241,0.21544958907862388,509.90160000000003,2024-11-30 00:00:00+00:00,,
636.4,560.7326697849076,529.517888966224,63.33122586334057,647.1193127428583,440.61068725714176,29.350727577044722,14.088763898382755,20.913609463474227,92952.3145,147810.68262729322,0.16358685029542855,509.4432,2024-12-01 00:00:00+00:00,,
606.4,565.0819393292021,532.5328737126465,57.908579160830456,652.098316706632,439.421683293368,29.16414194067204,17.103839506840615,20.665216862119113,210517.0442,153782.7170627891,0.1669787216310795,509.4432,2024-12-02 00:00:00+00:00,,
619.3,570.2455641549924,535.9355061160721,59.51386677362662,660.7697777450122,438.84022225498785,29.714661548178583,19.626003915108207,20.434566589432222,199933.2385,158178.00481871396,0.21509802324577393,509.4432,2024-12-03 00:00:00+00:00,,
655.6,578.3745580449931,540.6282313664223,63.70825579281778,674.8465878487186,440.8334121512812,32.70307820308335,22.241418772703238,21.663444629545133,240386.9453,166007.4277216936,0.22321606132210872,526.595,2024-12-04 00:00:00+00:00,,
680.7,588.1198382311843,546.1212419010724,66.30750188884318,692.9733820068577,438.95661799314234,36.67402483352919,25.12793998486843,22.804545666792837,227073.0061,171823.19709105612,0.2009452901169639,526.595,2024-12-05 00:00:00+00:00,,
706.7,599.4131869710715,552.4184481010303,68.80023186086926,714.2288505337268,436.6011494662731,41.44130182509184,28.390612352913116,24.185139656721173,201998.105,174696.99784428888,0.19788125157758732,535.1518,2024-12-06 00:00:00+00:00,,
698.3,608.8309786881123,558.1392932735389,67.07366003568765,728.7376087478814,442.8123912521186,44.03399688315267,31.51928925896103,25.467119790226057,78240.3358,165510.6490781661,0.2141332194617916,535.1518,2024-12-07 00:00:00+00:00,,
712.9,618.7423140511492,564.2083405961453,68.55093305466582,744.7123432959687,446.97765670403135,46.72817110946073,34.56106562906097,26.50431801549479,89457.2313,158267.4664326265,0.22168720917020543,535.1518,2024-12-08 00:00:00+00:00,,
597.7,616.7382841415159,565.5217390041396,49.629894627124436,741.1283863274298,462.0616136725703,39.11673301201597,35.47219910565197,26.931384894692915,274356.4708,169323.56208666207,0.2544277545194287,523.7806,2024-12-09 00:00:00+00:00,,
574.3,612.6965427947049,565.865984533389,46.803959094638806,735.3331334811844,477.08686651881567,30.84091418339665,34.5459421212009,27.32794699680546,220574.4525,174204.59926888472,0.2318198126299949,523.7806,2024-12-10 00:00:00+00:00,,
600.9,611.5730625285426,567.239867492864,50.27040391531389,733.1374220196765,487.48257798032336,26.127484455180365,32.8622505879968,27.561273473616666,136166.4268,170581.91617661,0.21479497786863774,523.7806,2024-12-11 00:00:00+00:00,,
576.9,608.2708660972528,567.6186962186341,47.27697500180932,728.9424668136737,498.23753318632606,20.222347380877864,30.33426994657301,27.28201675452126,138891.0237,167563.73594074236,0.16736518648348753,523.7806,2024-12-12 00:00:00+00:00,,
578.1,605.3974502784667,568.0297277394719,47.445483306264194,725.2352148892982,507.5647851107018,15.461087879576667,27.359633533173742,27.107947203634954,118668.7138,162907.06716543357,0.17771953201033966,523.7806,2024-12-13 00:00:00+00:00,,
560.5,601.1215026328986,567.7344442987084,45.16543878381769,722.3378360757403,513.7721639242599,10.150573023804327,23.91782143129986,27.2375947602031,92929.9879,156242.58342586848,0.16322691308703527,523.7806,2024-12-14 00:00:00+00:00,,
574.3,598.5670738107177,567.991917071308,47.30378951606252,720.5215531795513,518.4184468204487,6.975091891517536,20.529275523343397,27.357981777016374,65793.809,147628.4144329286,0.1585865386260697,523.7806,2024-12-15 00:00:00+00:00,,
541.3,593.1130667811256,566.9451752253743,42.98681601772246,722.0147726610975,515.1652273389026,1.7752124643239995,16.77846291153952,27.261466383310673,103470.6293,143422.9110869354,0.09598983244609248,523.7806,2024-12-16 00:00:00+00:00,,
519.5,586.1022985162565,565.0845801184969,40.36605741703589,725.9574243540263,507.0925756459736,-4.058028824381154,12.611164564355388,27.536806150971096,148548.7571,143911.08689770347,0.09266513539029213,523.7806,2024-12-17 00:00:00+00:00,,
499.6,577.8639843718511,562.5165573687519,38.083558753467265,732.2678297465145,491.19217025348553,-10.169451157989101,8.05504141988649,28.076203692937305,162507.9039,145682.2123264936,0.04189550182498041,523.7806,2024-12-18 00:00:00+00:00,,
447.4,565.4388430031033,558.0021825699773,32.8381952616718,743.354260568967,463.10573943103304,-19.00581394177891,2.6428703475534094,29.168473338964738,251752.4016,155784.1351144466,-0.01828314557321166,523.7806,2024-12-19 00:00:00+00:00,,
472.8,556.6160960504268,554.6609205084096,37.359280537702396,739.6252126733082,446.3347873266918,-23.686088898403113,-2.622921501637895,30.510500383163578,265120.3295,166197.10600830882,0.006087984011915015,523.7806,2024-12-20 00:00:00+00:00,,
455.6,546.9955154741956,550.7761785276876,35.61110436441304,740.7058304605944,427.1741695394055,-28.45512381999299,-7.789361965308915,31.078045014565166,98499.2293,159749.68917894608,-0.00045155141412696613,523.7806,2024-12-21 00:00:00+00:00,,
450.2,537.7768949528437,546.8320146638567,35.05647239191674,742.887094002024,409.37290599797603,-32.2980415070507,-12.691097873657272,31.71684762794658,75415.0581,151717.8195523798,-0.011630454282114776,523.7806,2024-12-22 00:00:00+00:00,,
485.2,532.7695716240014,544.4150729123329,41.424361058453286,739.4515376345701,399.39846236542985,-32.148782811645106,-16.58263486125484,31.42832570417418,115157.2002,148235.8558045341,-0.0298885280205574,523.7806,2024-12-23 00:00:00+00:00,,
503.9,530.0200886121918,542.8262465236139,44.55259386826588,729.3284282569989,394.35157174300093,-30.17373645129436,-19.300855179262744,31.16041248924267,91177.8312,142801.7582231499,0.016265992848948304,523.7806,2024-12-24 00:00:00+00:00,,
499.8,527.1419849348401,541.1389427383742,43.997789561263104,713.0116592461593,392.5783407538406,-28.609540739323847,-21.162592291274965,30.55137416631561,105882.1693,139285.6068971356,-0.009205634119475522,523.7806,2024-12-25 00:00:00+00:00,,
472.3,521.9189387505696,538.4393763564772,40.366802508039974,688.3111487543056,393.83885124569457,-29.251728819810523,-22.780419596982078,30.38803196323339,74414.0568,133107.36403074174,-0.020103612605942296,523.7806,2024-12-26 00:00:00+00:00,,
469.0,516.8790398219439,535.716263558184,39.94083457460708,660.9405737442733,398.27942625572655,-29.684762457573015,-24.161288169100267,30.25468552485773,86911.6176,128707.76913257586,-0.03868831759197867,523.7806,2024-12-27 00:00:00+00:00,,
472.5,512.6524646008064,533.2371943990395,40.6561003197547,620.5611784918481,414.61882150815177,-29.406543655733685,-25.210339266426953,30.19399363732885,48084.3522,121029.34847233054,-0.05648386243268167,523.7806,2024-12-28 00:00:00+00:00,,
459.1,507.5522298769201,530.3298534422145,38.75319539882818,609.7138116379176,411.6061883620824,-29.922394524312608,-26.152750318004088,30.2338989256361,45749.0141,113859.79281782288,-0.10338928378544861,523.7806,2024-12-29 00:00:00+00:00,,
451.6,502.22344607911816,527.2424082091865,37.689891501955344,602.2425086665644,406.80749133343556,-30.583845837024796,-27.038969421808233,30.459704843416525,76496.9372,110301.42561612546,-0.1337920015777439,523.7806,2024-12-30 00:00:00+00:00,,
441.0,496.39264169063074,523.8603529852968,36.17899180894529,587.3181512092856,405.7418487907144,-31.599127112374504,-27.951000959921487,30.771986403905025,62121.167,105712.82955744685,-0.18227661755875746,523.7806,2024-12-31 00:00:00+00:00,,
489.5,495.73619962485634,522.512888162344,46.706094306929785,575.130582738704,409.18941726129606,-28.165525523404824,-27.993905872618157,29.95765472121949,67090.0388,102034.4685329281,-0.10742649167765052,523.7806,2025-01-01 00:00:00+00:00,,
522.1,498.24703775582236,522.496696469703,52.3906670981944,563.8912122536601,414.8287877463399,-22.55383737793403,-26.905892173681334,27.912859924684913,186945.2753,110121.212034554,-0.0973820685859021,523.7806,2025-01-02 00:00:00+00:00,,
552.6,503.423510350506,523.6772181767735,57.01072411687209,562.0536933800306,415.87630661996934,-15.467143390708316,-24.61814241708673,26.56343091174105,144428.2602,113388.54995507267,-0.07348920782876206,523.7806,2025-01-03 00:00:00+00:00,,
560.0,508.8117474599816,525.1016409933707,58.073783381770944,558.1977948187084,418.3022051812916,-9.148313134155956,-21.524176560500575,25.60669193517936,92257.4686,111376.06601649431,-0.10875504586724792,523.7806,2025-01-04 00:00:00+00:00,,
562.7,513.9439619876024,526.5760864446111,58.47724316867572,563.0344110740914,415.60558892590853,-3.8780237521373238,-17.994945998827927,24.7182914569435,58939.475,106382.10496730439,-0.07153972166649461,523.7806,2025-01-05 00:00:00+00:00,,
555.6,517.9112037030688,527.7142791330577,56.92591433762929,569.3376811968502,412.9123188031498,-0.27106741292459446,-14.45017028164726,24.231436716409632,134075.9846,109019.61731327539,-0.0711390115504672,523.7806,2025-01-06 00:00:00+00:00,,
498.7,516.0815652551576,526.5764642650947,46.320476693577945,569.274158349586,412.8858416504139,-1.981046720801487,-11.956345569478106,22.587250224214838,146592.4249,112597.9799405825,-0.10070446253085485,523.7806,2025-01-07 00:00:00+00:00,,
467.0,511.40713046895206,524.2401323331303,41.66348123773876,568.511720713141,415.6082792868589,-5.826972996536426,-10.73047105488977,22.12395868064765,156728.4657,116800.88334624132,-0.040202935183917314,523.7806,2025-01-08 00:00:00+00:00,,
432.4,503.88264185286135,520.6385585161448,37.260172154807975,570.4527950017915,409.62720499820864,-11.533872808049182,-10.891151405521654,21.873150525003215,126439.1662,117718.8150465993,-0.20054335436876464,523.7806,2025-01-09 00:00:00+00:00,,
438.9,497.6938188192555,517.4331248488451,38.57358342304638,571.358915913973,407.0510840860271,-15.355131944612708,-11.783947513339866,21.81653031505252,186705.2369,124288.9504612089,-0.14505947779836775,523.7806,2025-01-10 00:00:00+00:00,,
446.0,492.7705979793264,514.6318258351648,40.04989172671688,571.5670648887997,406.4229351112004,-17.60762691548598,-12.948683393769091,21.677482850126154,66531.7402,118788.2637696652,-0.12726801494204254,523.7806,2025-01-11 00:00:00+00:00,,
443.8,488.10673150510485,511.8541071749623,39.73124965119823,571.8169519153621,402.033048084638,-19.34724403607919,-14.22839552223111,21.54836734698024,71872.4671,114320.0926582685,-0.1482851551796261,523.7806,2025-01-12 00:00:00+00:00,,
420.6,481.67751898080917,508.2755147367285,36.43882303229332,571.9756129833795,393.54438701662053,-22.34042275977953,-15.850800969740796,22.572068858227592,235091.0487,125822.08847176674,-0.15244696739688635,514.5106,2025-01-13 00:00:00+00:00,,
417.2,475.5368028873988,504.70392592352346,35.96840851386665,571.8649097709659,385.395090229034,-24.70213916427656,-17.62106860864795,23.522648832957284,105474.9044,123884.26141731275,-0.15330112173938168,514.5106,2025-01-14 00:00:00+00:00,,
458.5,473.91425023145604,502.8920072598559,45.219594948462145,571.5555628087562,384.3244371912439,-22.976394020628675,-18.692133691044095,23.24644938304252,176203.1287,128867.01068233058,-0.07823277152772144,514.5106,2025-01-15 00:00:00+00:00,,
445.5,471.2081311617936,500.641340308489,43.108331936203015,571.3844329934406,382.14556700655953,-22.39951228106827,-19.43360940904893,22.989978465264528,130634.9268,129035.38364591815,-0.08326256281556182,514.5106,2025-01-16 00:00:00+00:00,,
485.2,472.54069009876565,500.03579755129334,50.68119425174056,572.0668685443866,382.7331314556134,-18.52532274402165,-19.251952076043473,22.07434772091972,119223.4263,128100.91151773547,-0.058125690632266636,514.5106,2025-01-17 00:00:00+00:00,,
457.7,471.12729104174036,498.3755701963407,46.10325665748865,572.0529454778523,382.60705452214773,-17.472606465776778,-18.896082953990135,21.34755805174972,161064.6293,131240.3132112845,-0.07042298734408574,514.5106,2025-01-18 00:00:00+00:00,,
426.8,466.90564427586037,495.56868509060183,41.56054915240284,572.7571381597706,379.42286184022936,-18.913667997456514,-18.89959996268341,21.345438111973493,283274.8943,145719.7971244955,-0.10909319396600022,514.5106,2025-01-19 00:00:00+00:00,,
407.7,461.2670114876832,492.1228543027351,39.002354610870235,574.5380535944249,374.31194640557516,-21.350811157633416,-19.38984220167341,21.42723157372449,265464.8402,157124.08694121023,-0.17212426393795924,514.5106,2025-01-20 00:00:00+00:00,,
426.1,457.91777229838004,489.5337227614514,42.66378236816642,573.2551857841455,369.2548142158545,-21.549133449422925,-19.821700451223315,21.878946519846192,187926.1825,160057.61985157116,-0.14449709391000035,514.5106,2025-01-21 00:00:00+00:00,,
399.5,452.35417493662953,486.00298853551215,39.017538104188034,568.8864740643183,361.3635259356816,-23.58087731393698,-20.57353582376605,22.259121072932544,97805.635,154128.8593895168,-0.19024600235568526,514.5106,2025-01-22 00:00:00+00:00,,
379.8,445.4442535140934,481.8381654556881,36.52766299383056,558.4337179909598,354.53628200904024,-26.475481454921635,-21.75392494999717,23.15388497761467,205294.4259,159001.77048575328,-0.22813009046700053,514.5106,2025-01-23 00:00:00+00:00,,
372.5,438.49718175084644,477.55039426134744,35.620553562523256,543.596287108585,350.6237128914151,-29.02395499609281,-23.2079309592163,24.124338125497292,128896.7903,156134.62951568153,-0.22891689658604095,509.9374,2025-01-24 00:00:00+00:00,,
408.8,435.6688787269563,474.8543003687456,43.17719647889781,521.2323154045054,357.59768459549457,-27.7941384828099,-24.12517246393502,23.974286985539912,110659.6038,151803.6746856166,-0.20603447538287192,498.82120000000003,2025-01-25 00:00:00+00:00,,
433.2,435.43374741962714,473.22079839350073,47.627152643192105,495.36101243837345,371.22898756162647,-24.567425961203014,-24.213623163388622,22.487704353877906,218065.9195,158114.36466793882,-0.1836202580606472,498.09540000000004,2025-01-26 00:00:00+00:00,,
445.8,436.42100957013884,472.1454729663046,49.812854749015315,485.42150719124254,375.8784928087574,-20.754275968933143,-23.52175372449753,21.50459850220758,450259.0314,185937.66626146843,-0.09221550988368171,496.64380000000006,2025-01-27 00:00:00+00:00,,
451.0,437.80948484917326,471.3162387323319,50.72678523615659,482.9152240172445,376.78477598275555,-17.115434510956106,-22.240489881789248,20.59171449708513,207271.8445,187969.49276037622,-0.07142912563181365,470.66780000000006,2025-01-28 00:00:00+00:00,,
449.0,438.87524819687104,470.4410921153777,50.34702818344939,484.39411732496717,376.96588267503284,-14.228986821532999,-20.638189269738,19.430319381873833,286524.532,197355.68697367373,-0.09731853507434274,470.66780000000006,2025-01-29 00:00:00+00:00,,
452.9,440.2109388447881,469.7532061500688,51.1155540687323,485.86374436472164,376.89625563527835,-11.494260149517402,-18.809403445693878,18.351881060606207,145313.4309,192399.28163332384,-0.12446128431668159,470.66780000000006,2025-01-30 00:00:00+00:00,,
449.5,441.0956113357606,468.9589627716348,50.38340459020623,486.2475397106437,376.8624602893563,-9.491904379140294,-16.945903632383164,17.350474048000553,122043.9215,185698.77114443586,-0.15001703359490123,449.3904,2025-01-31 00:00:00+00:00,,
393.1,436.5246007323548,465.9841014864727,40.118098656839095,485.86486256470624,372.1751374352937,-12.31408257181755,-16.019539420270043,17.27712193605889,179553.6074,185113.5174544896,-0.18979809842072567,448.97020000000003,2025-02-01 00:00:00+00:00,,
350.8,428.36035304355914,461.4670778987679,34.449079163743235,491.8030141158554,359.2569858841447,-17.759218391472757,-16.367475214510588,18.23737224016698,329477.3518,198862.45405882393,-0.24497474343378858,432.7786,2025-02-02 00:00:00+00:00,,
399.3,425.592700372744,459.02915327528683,44.18743510376459,491.8111348992361,357.458865100764,-17.95402031978989,-16.68478423556645,20.397812467083206,775832.1664,253811.95047226927,-0.05661821449288645,370.79320000000007,2025-02-03 00:00:00+00:00,,
358.2,419.1743479562922,455.07506883311873,38.91181940951549,490.7915280150734,348.4484719849266,-21.180671171664585,-17.583961622786077,22.403935534933986,271507.8322,255497.27254157694,-0.11213587567199373,370.79320000000007,2025-02-04 00:00:00+00:00,,
350.2,412.6053624366453,450.9623210357416,37.96175406208619,491.04186172825604,338.668138271744,-24.105475443969112,-18.888264387022684,24.320513806343737,164153.0127,246797.8192233315,-0.11039087604856462,370.79320000000007,2025-02-05 00:00:00+00:00,,
326.0,404.3572326807743,446.0618378578694,35.164771239817156,485.25538476169214,328.5346152383078,-28.052766820344857,-20.72116487368712,26.29350606877239,191732.1083,241553.46580206184,-0.16178812559595865,370.79320000000007,2025-02-06 00:00:00+00:00,,
319.6,396.2851152826053,441.1025500987373,34.442032080527014,483.4015555543743,316.57844444562573,-31.3362256842251,-22.844177035794715,28.295126334287392,193415.0065,236968.85063043688,-0.1672868348940441,370.79320000000007,2025-02-07 00:00:00+00:00,,
350.5,391.9246281128334,437.5495089183947,40.77150670842927,481.294724506136,311.05527549386403,-31.08667094015152,-24.492675816666075,30.132100235411563,135325.3214,227288.51451325242,-0.11505411560497056,370.79320000000007,2025-02-08 00:00:00+00:00,,
365.4,389.3984730544683,434.72011641179097,43.599247213825805,480.0270262368107,308.0929737631893,-29.34828279661633,-25.46379721265613,31.21174619693532,150968.3938,220019.93158818077,-0.043671009669497725,370.79320000000007,2025-02-09 00:00:00+00:00,,
387.0,389.1700470492808,432.8487392976031,47.51148564301846,476.8380980196081,307.37190198039195,-25.928767495594514,-25.556791269243806,31.231290257648876,175011.7325,215733.43643692543,-0.05305821019687022,370.79320000000007,2025-02-10 00:00:00+00:00,,
412.6,391.4014711398255,432.05467108985397,51.78055778597747,477.9131185571058,307.6068814428943,-20.91201029398951,-24.627835074192948,30.156202657753173,233446.7371,217420.41745245634,-0.03048040721428935,370.79320000000007,2025-02-11 00:00:00+00:00,,
402.3,392.439426269366,430.887821243193,50.0178662581751,478.91794126396246,308.8520587360375,-17.564841428982845,-23.215236345150927,29.418763165880957,206130.5126,216345.18841888907,-0.0006966030511588566,370.79320000000007,2025-02-12 00:00:00+00:00,,
382.8,391.5213856722835,429.0020243316952,46.771671630097586,479.03245240450315,309.7675475954968,-16.29780210250766,-21.831749496622276,28.794155961177733,148916.6874,209923.42641709012,-0.005174780675202245,370.79320000000007,2025-02-13 00:00:00+00:00,,
391.8,391.54792037016125,427.5431214167268,48.4350705053273,477.9279710588048,309.1720289411952,-14.40142881706413,-20.345685360710647,28.21416355681045,132339.1686,202534.44948212913,-0.019704058886655825,370.79320000000007,2025-02-14 00:00:00+00:00,,
375.2,389.990975573003,425.4904499886199,45.604269497794256,473.34777506076273,307.9522249392372,-14.075763948787142,-19.091701078325947,27.79549094277819,63624.9025,189304.96881716445,-0.030446745360985815,370.79320000000007,2025-02-15 00:00:00+00:00,,
359.8,387.1156445660503,422.9143539106348,43.08829611601719,466.01807390668193,306.6819260933181,-14.88869587308534,-18.251100037277826,27.74950239250874,60141.8327,177003.7177583869,-0.07069159736556917,370.79320000000007,2025-02-16 00:00:00+00:00,,
360.7,384.5998688930931,420.474575325904,43.28522220035985,456.40792471132227,307.2620752886777,-15.284141729751013,-17.657708375772465,27.893694466269874,115361.8285,171133.0616385405,-0.08796903896901649,370.79320000000007,2025-02-17 00:00:00+00:00,,
375.5,383.73321471279854,418.7108664895941,46.559930076802885,446.07831564460764,310.2416843553923,-14.239158948167187,-16.97399849025141,27.656341222408845,162574.3361,170317.94492058427,-0.021689018389040075,370.79320000000007,2025-02-18 00:00:00+00:00,,
420.2,387.2062418830082,418.76926388215907,55.00938593345705,438.4803347178478,314.56966528215213,-9.692358661192145,-15.51767052443956,26.000844807675694,220742.3861,175120.2726519572,0.034195646009889516,370.79320000000007,2025-02-19 00:00:00+00:00,,
465.9,394.7008855131979,420.617528043643,61.68019322081019,443.4379792035475,311.25202079645254,-2.3740124687053026,-12.888938913292709,24.8524470264139,232283.8536,180564.42321843747,0.1029047332540142,370.79320000000007,2025-02-20 00:00:00+00:00,,
444.8,399.4722297500362,421.5658602772256,57.44512336027177,452.0545062374818,307.8054937625182,1.7035979381570883,-9.97043154300275,24.350082113086753,237099.999,185948.76376906247,0.11426936140363148,370.79320000000007,2025-02-21 00:00:00+00:00,,
432.4,402.6082078690804,421.99072850164816,55.05280898716731,458.28158002897567,309.7384199710243,3.8897189356914055,-7.198401447263919,23.76685289474781,141076.2695,181675.1928862946,0.14889633508103378,370.79320000000007,2025-02-22 00:00:00+00:00,,
433.9,405.5883785482156,422.4577587564855,55.29534269731252,462.91085978528764,308.56914021471226,5.677822635347184,-4.623156630741699,22.950813028289392,106677.0867,174532.5161066475,-0.005128514918671127,370.79320000000007,2025-02-23 00:00:00+00:00,,
397.0,404.7704377340998,421.459415275839,48.379421776327554,463.9292911442494,311.4307088557505,4.0704643073243005,-2.8844324431284987,21.61676154501158,262385.7568,182899.4914107763,-0.03314310455579871,370.79320000000007,2025-02-24 00:00:00+00:00,,
379.8,402.39230080704266,419.82571271600216,45.521410491852365,463.56874679767503,314.7512532023249,1.3926711522370852,-2.029011724055382,20.864230771493162,397737.4598,203360.2503049881,-0.016017775871160954,359.3714,2025-02-25 00:00:00+00:00,,
351.6,397.5549388254195,417.1501945702766,41.221742188616744,461.25258080313495,319.62741919686505,-2.970758483825364,-2.2173610760093783,20.50437256734663,283230.1595,210966.90832356067,-0.004551625639407227,337.7884,2025-02-26 00:00:00+00:00,,
330.2,391.1401827468082,413.74038301850106,38.26779939733503,459.78430374566403,322.1556962543359,-8.062667646166915,-3.386422390040886,20.511339072444247,178579.6162,207882.40431179298,-0.013411550691923565,336.1458,2025-02-27 00:00:00+00:00,,
326.4,384.974451056636,410.315269958952,37.75048709842049,462.1244713911076,317.4055286088924,-12.263306817275861,-5.161799275487882,21.04438423843497,288723.5666,215581.56262495555,4.489492580762647e-06,336.1458,2025-02-28 00:00:00+00:00,,
337.7,380.4721223845754,407.4676123135029,40.33351615065223,463.557406180318,313.20259381968197,-14.513228597292596,-7.032085139848824,21.35879812260666,118605.4295,206345.74042257885,-4.8583224657472e-05,336.1458,2025-03-01 00:00:00+00:00,,
353.4,377.89382501461586,405.34731379140476,43.82146143066056,463.41174616706707,309.9882538329329,-14.858173255741065,-8.597302763027272,20.972627629897108,226226.4217,208239.13863947612,0.01604875198458413,336.1458,2025-03-02 00:00:00+00:00,,
295.5,370.04679406084296,401.03957599566337,35.564511364861204,466.1497120621161,295.5402879378838,-19.577908549331937,-10.793423920288205,21.216102673211058,219000.5692,209264.03678809747,-0.03888963843924431,336.1458,2025-03-03 00:00:00+00:00,,
287.5,362.1851946264769,396.58704360367653,34.59458876200283,468.8903821232316,281.31961787676846,-23.690773425514692,-13.372893821333502,22.088291868131552,287257.6828,216692.00307494533,-0.01964447503964356,336.1458,2025-03-04 00:00:00+00:00,,
300.0,356.262795138241,392.7993164035324,37.46439325572751,470.17915775987103,271.75084224012903,-25.645972135623538,-15.82750948419151,22.445096745590035,170255.8072,212269.50822971243,-0.001088502457429779,336.1458,2025-03-05 00:00:00+00:00,,
288.0,349.76157655364665,388.6895392896684,35.83867066937687,470.7774928275543,260.77250717244567,-27.842826143422485,-18.230572816037707,22.85367955749766,169467.9318,208193.16761735885,-0.025266977885533365,336.1458,2025-03-06 00:00:00+00:00,,
275.4,342.6795216437755,384.246812258701,34.162378123672525,472.77466514817604,248.79533485182387,-30.251839099465258,-20.634826072723218,23.420646937164232,158858.65,203494.64212999132,-0.03940293254711429,336.1458,2025-03-07 00:00:00+00:00,,
276.3,336.3576624396064,380.01360393483037,34.398409066301284,474.505341723075,238.71465827692504,-31.722697237681473,-22.85240030571487,24.068997930697133,78336.6487,191574.8332318969,-0.028251082159479267,336.1458,2025-03-08 00:00:00+00:00,,
243.7,327.5331231596439,374.6679724079743,30.17808110812672,478.4659497439357,223.05405025606427,-35.1141365512392,-25.304747554819738,25.18313156969179,167138.7594,189247.58810504957,-0.055082650194417035,336.1458,2025-03-09 00:00:00+00:00,,
225.3,317.7966352396778,368.81040486256353,28.083738757475857,481.48472067465775,205.01527932534222,-38.83889229204664,-28.011576502265118,26.636601826158685,276753.9832,197581.53049504483,-0.09705314955749096,321.56100000000004,2025-03-10 00:00:00+00:00,,
260.4,312.33028902637517,364.55901643658063,37.05749110983519,473.25290416539787,197.26709583460212,-38.51453975516307,-30.11216915284471,27.402746240443214,323537.5451,209577.34140980247,-0.08335303548472196,321.4992,2025-03-11 00:00:00+00:00,,
259.7,307.3178805476728,360.44689814495,36.95844526081506,452.7989655804877,197.10103441951233,-37.8773457190843,-31.665204466092632,27.96612321501633,209710.3995,209590.0136088689,-0.13500779917619674,321.4992,2025-03-12 00:00:00+00:00,,
238.3,300.74474906694206,355.6568237078932,33.96929835724791,435.2391596165257,194.0108403834742,-38.65359146609859,-33.062881866093825,28.713312456873584,146599.5705,203590.92378897662,-0.1377423008810305,321.4992,2025-03-13 00:00:00+00:00,,
256.2,296.50239201294755,351.75655611150523,38.4532664695319,416.0230627721982,195.60693722780178,-37.39334421414566,-33.92897433570419,29.402683375911682,119617.043,195593.41133288364,-0.10548288835303597,321.4992,2025-03-14 00:00:00+00:00,,
258.2,292.8545451545716,348.0876715581129,38.95209241513306,391.94784026199085,202.1121597380092,-35.820291874705106,-34.307237843504375,29.786327162347586,78576.6412,184448.95703451376,-0.12123277142483335,321.4992,2025-03-15 00:00:00+00:00,,
240.7,287.88744561604096,343.8763903205399,36.18830281639567,375.2435597926691,203.18644020733097,-35.57564640221227,-34.56091955524595,30.456123249019914,124281.5794,178718.7305931315,-0.08969023811642679,321.4992,2025-03-16 00:00:00+00:00,,
255.0,284.75530793832274,340.3910416805187,39.93849129706331,359.38290207825924,206.5670979217408,-33.83781138641638,-34.41629792148004,31.07807675807279,75169.4689,168856.8961461666,-0.08462014421167963,321.4992,2025-03-17 00:00:00+00:00,,
246.9,281.15004051562534,336.72472632049835,38.55625802536338,348.7818862362259,206.69811376377405,-32.73679749784219,-34.08039783675247,31.76049594024098,81590.9935,160545.85779891265,-0.04856710473838202,321.4992,2025-03-18 00:00:00+00:00,,
262.1,279.3357509427086,333.7982664647925,42.572785062101474,341.4102197163817,207.2597802836183,-30.28857524898382,-33.32203331919874,31.966391109817522,120329.8682,156715.76355139716,0.015448686553301961,321.4992,2025-03-19 00:00:00+00:00,,
251.7,276.70377466245066,330.5787266034281,40.61642337076451,333.8740073015839,207.32599269841617,-28.854913085359954,-32.42860927243098,31.922868721106884,103766.3618,151672.96338459745,-0.05320904736288515,320.4678,2025-03-20 00:00:00+00:00,,
247.5,273.9224627898363,327.3207373248623,39.820584130834156,322.02281326735584,210.1571867326441,-27.73788531516618,-31.490464480978027,32.04845578419185,55950.5009,142556.53838606435,-0.08866579304990443,320.4678,2025-03-21 00:00:00+00:00,,
248.0,271.45365680985185,324.2101201748677,39.97137930155454,300.2944271649497,221.3455728350503,-26.5067338107105,-30.49371834692452,32.165072342770756,38689.598,132664.4488254868,-0.15085700664062812,320.4678,2025-03-22 00:00:00+00:00,,
257.0,270.0771180660564,321.57442918761797,42.752092944226916,295.03065967297294,222.75934032702702,-24.522136662653054,-29.29940201007023,32.05102180865939,54261.581,125197.50903258329,-0.0737876995409518,320.4678,2025-03-23 00:00:00+00:00,,
269.5,270.0221544407177,319.53229470967216,46.461594222054366,292.0741710580074,223.91582894199263,-21.690647311181863,-27.77765107029256,30.889806883324553,117579.83,124472.01579138488,-0.10501652410666072,320.4678,2025-03-24 00:00:00+00:00,,
269.9,270.01052068445887,317.58593021125364,46.58087962593624,285.261367711684,227.71863228831603,-19.19314827728067,-26.060750511690184,29.497663252865834,79334.6573,120173.21974458631,-0.12007341784190306,320.4678,2025-03-25 00:00:00+00:00,,
260.8,269.13332823831996,315.35903098728295,44.16979034345773,280.1406457333859,230.11935426661404,-17.743618854397653,-24.397324180231678,28.520888465303532,96910.6836,117957.74011176858,-0.11010126498984518,320.4678,2025-03-26 00:00:00+00:00,,
269.3,269.1492017394323,313.5527944779777,46.93287011575686,278.973364333862,230.676635666138,-15.72767849339931,-22.663395042865204,27.613883305424253,106571.5605,116873.34205350491,-0.06901106579838483,320.4678,2025-03-27 00:00:00+00:00,,
244.5,266.8016587166293,310.84484175335115,40.616795403605074,275.6429695644416,230.82703043555836,-15.947352814629653,-21.320186597218093,27.66145474143239,94806.7659,114771.76337221873,-0.09719481563441212,320.4678,2025-03-28 00:00:00+00:00,,
231.2,263.41102455314075,307.72151462576875,37.68756916991117,276.6823825160898,228.5376174839102,-16.998694772122008,-20.45588823219888,28.294410219369034,102933.6916,113644.32796534077,-0.05650542583821398,320.4678,2025-03-29 00:00:00+00:00,,
226.9,259.9337841195083,304.55204346397386,36.764410476109155,276.4068210348888,228.97317896511117,-17.971698359648826,-19.959050257688872,28.882154591738775,59224.7846,108461.5143114988,-0.018713056974966093,320.4678,2025-03-30 00:00:00+00:00,,
223.8,256.49247134622175,301.3852966614651,36.078287327349926,277.3954404523639,224.32455954763614,-18.77651087569234,-19.722542381289564,29.732242103371846,103081.1657,107949.10015802272,-0.09892157885489836,320.4678,2025-03-31 00:00:00+00:00,,
232.1,254.1693788370578,298.66822620415275,39.342368824532485,276.889312286173,222.07068771382694,-18.530976398225675,-19.48422918467679,30.006212869917686,90479.2645,106285.30628583008,-0.0696739433649563,320.4678,2025-04-01 00:00:00+00:00,,
211.9,250.14372370971896,295.265550666735,34.698487659228235,279.81049130741826,216.5095086925818,-19.738822874304816,-19.535147922602395,30.7442931487964,139953.4235,109491.79363956055,-0.06657234850899492,317.99580000000003,2025-04-02 00:00:00+00:00,,
215.9,246.88241668974572,292.1531761307846,36.30188254820814,280.50669233319223,211.78330766680773,-20.141109168961606,-19.656340171874238,31.73042212098813,113428.9673,109866.7625596024,-0.05962804565960606,311.754,2025-04-03 00:00:00+00:00,,
220.9,244.40790081453184,289.35893392957735,38.33993760382691,279.8497961759829,208.71020382401704,-19.827902030371206,-19.69065254357363,32.40331722140352,116698.9222,110517.44443011646,0.004471479390846405,311.754,2025-04-04 00:00:00+00:00,,
219.7,242.05476740362406,286.62721103037825,38.0254815484858,280.36586406697677,206.0941359330233,-19.452279320303262,-19.642977898919558,33.02814838607495,41536.7743,103947.8567986768,0.07673874157898783,311.754,2025-04-05 00:00:00+00:00,,
183.7,236.49717050804082,282.59084981350065,30.060124129185894,284.4901391520538,194.83986084794623,-21.8081044982238,-20.076003218780407,34.580492882276694,140115.1114,107392.35723689807,0.0017537501218539396,298.9614,2025-04-06 00:00:00+00:00,,
204.7,233.46886855489407,279.5363066835594,38.19342272523219,284.73047985978513,190.37952014021488,-21.73009739262622,-20.40682205354957,36.23093542272635,314946.5094,127159.41934766968,0.11995737794396072,292.905,2025-04-07 00:00:00+00:00,,
195.3,229.83373821633273,276.2329221077336,36.16603859241535,283.38317161539567,185.0468283846043,-22.171201826786216,-20.7596980081969,37.05816678460919,156647.6509,129967.82235265351,0.009961027240411922,292.905,2025-04-08 00:00:00+00:00,,
230.5,229.89719171953917,274.43947418194017,47.4213259302112,281.6795288488307,184.6304711511693,-19.456155992275825,-20.498989605012685,36.733074557445185,230608.9957,139552.69600478176,0.12370102442039112,292.905,2025-04-09 00:00:00+00:00,,
231.7,230.06888774624971,272.7634163708837,47.759496191070184,280.4420329783464,184.2879670216536,-17.011534258773082,-19.801498535764765,35.89912953167539,176001.4038,143024.00150908824,0.10380116321713033,292.905,2025-04-10 00:00:00+00:00,,
250.7,232.0337555799402,271.89818435633924,52.92243322987832,280.76667587477937,184.23332412522063,-13.386699176868973,-18.51853866398561,34.115209396352064,186299.5836,147145.4855177465,0.13141823167351321,292.905,2025-04-11 00:00:00+00:00,,
253.8,234.10673123899352,271.1884516364828,53.72599512901757,280.3010008235963,184.37899917640368,-10.146880247435632,-16.844206980675615,32.32771970234321,128726.0771,145391.25614462778,0.09593710737144738,280.68100000000004,2025-04-12 00:00:00+00:00,,
240.0,234.66799493051795,269.9653751017188,49.66218656227172,275.8885171882541,185.8414828117459,-8.593781311299125,-15.194121846800318,31.198727846832334,84092.7413,139553.30234990132,0.05527335819834185,275.2184,2025-04-13 00:00:00+00:00,,
236.6,234.85199541332577,268.65692901929845,48.68510813185762,270.6470746856882,187.75292531431177,-7.550256146960862,-13.665348706832429,30.220923072981407,103739.3364,136142.44844991073,0.031642782345454284,275.2184,2025-04-14 00:00:00+00:00,,
230.6,234.44704346919949,267.16450043030636,46.93036115803164,266.5412496581645,188.83875034183552,-7.125269124793164,-12.357332790424577,29.533981357823457,77014.2836,130511.19465468115,0.030799624205693505,259.5564,2025-04-15 00:00:00+00:00,,
230.3,234.05208694832334,265.718833746765,46.839456758924726,259.6412330159396,191.83876698406044,-6.735034060419082,-11.232873044423478,29.18463015981131,90413.6794,126692.38367804485,0.033443862892769224,252.1838,2025-04-16 00:00:00+00:00,,
248.0,235.3804596199116,265.02397752140166,52.66516303881263,260.23533070937737,191.59466929062268,-4.940576000748024,-9.974413635688387,27.986742288493186,116125.3392,125685.99848965963,0.09087995401038255,245.15500000000003,2025-04-17 00:00:00+00:00,,
274.5,239.10613013230096,265.3955862460526,59.77295345167021,268.39935515358627,187.76064484641375,-1.3643985921653154,-8.252410626983774,26.394517302845113,129389.6118,126038.7235668349,0.14250633887519565,241.41140000000001,2025-04-18 00:00:00+00:00,,
290.4,243.99126059589133,266.37615149130545,63.33082900351578,279.8534145832043,182.6565854167956,2.7213745751535043,-6.057653586556319,25.874152877437293,132733.8216,126676.35195094587,0.167108890530668,241.41140000000001,2025-04-19 00:00:00+00:00,,
315.5,250.80161672961597,268.30257692301893,68.12375805397448,296.55281248633594,175.12718751366398,7.893745295130884,-3.2673738102188787,26.219231191747475,241567.1733,137618.33493657009,0.18299871059737682,241.41140000000001,2025-04-20 00:00:00+00:00,,
313.9,256.81098656489064,270.0907111613319,67.51792918182912,309.46422466671345,170.39577533328657,11.728579958416503,-0.2681830564918024,26.954336688045437,252629.2702,148571.75734261103,0.12676460014099133,239.6542,2025-04-21 00:00:00+00:00,,
338.3,264.571844987282,272.7655852334365,71.65740630646707,326.5832683263974,165.91673167360264,16.5458597663079,3.094625508068138,27.885546454377,208969.4151,154323.9152242671,0.18659121661069825,237.6678,2025-04-22 00:00:00+00:00,,
336.1,271.3840502265885,275.2492877733018,70.7815370049598,340.2334823682735,164.28651763172647,19.9560264560655,6.466905697667611,28.750241237399166,175433.6498,156334.36613624165,0.15682375784243338,237.6678,2025-04-23 00:00:00+00:00,,
357.7,279.6046168716753,278.48264903709384,74.12553053059011,356.97246803877437,161.22753196122568,24.123467293270778,9.998218016788247,29.906767792107637,184274.4616,158995.32760898056,0.16289088555300543,242.7102,2025-04-24 00:00:00+00:00,,
353.8,286.67084383627764,281.4362706434823,72.5118680761217,370.1234446778271,161.48655532217282,26.802533848992653,13.35908118322913,31.24381838568947,133687.1607,156585.02599860146,0.1271585337449097,247.0268,2025-04-25 00:00:00+00:00,,
349.2,292.626001566156,284.0936717947183,70.56073940530192,377.2843332423636,170.87566675763637,28.229124069583918,16.333089760500087,31.81917994062304,85774.9242,149841.20677968703,0.16209756060780925,247.0268,2025-04-26 00:00:00+00:00,,
360.5,299.0901918931887,287.08999839100386,72.5170821827935,386.4614164738236,177.27858352617642,29.9265480421887,19.051781416837812,32.49385497310187,79749.8005,143165.83475305018,0.10640493273039552,247.0268,2025-04-27 00:00:00+00:00,,
378.1,306.6149355224088,290.6590180619449,75.27324053145641,395.692260197231,186.32773980276897,32.31938394047239,21.70530192156473,33.720701669359435,186747.3203,147316.45242418826,0.17847690416633172,252.48940000000002,2025-04-28 00:00:00+00:00,,
366.3,312.29922737741754,293.62533107912355,70.19076469143099,403.51368880140717,192.08631119859288,32.88449031160093,23.94113959957197,34.85991645874146,86771.2279,141550.24056474175,0.10124051583931502,252.48940000000002,2025-04-29 00:00:00+00:00,,
355.2,316.3850152462349,296.0400239779815,65.69704284996055,407.93639427691767,200.01360572308238,32.06701535665479,25.566314750988532,34.251599073836,123268.46,139809.1186061949,0.12545488802550503,252.48940000000002,2025-04-30 00:00:00+00:00,,
357.8,320.32929950849825,298.46198382198224,66.24221690989103,412.7952038126863,205.8647961873138,31.26851486082353,26.706754772955534,33.81122981072913,90059.9568,135071.1031960811,0.09101300049593973,252.48940000000002,2025-05-01 00:00:00+00:00,,
375.0,325.5360328886413,301.4634746524927,69.67569486198164,419.3320396182443,211.44796038175565,31.658652479635748,27.697134314291578,33.526849678031006,99054.2491,131640.92661550196,0.1298920461685005,252.48940000000002,2025-05-02 00:00:00+00:00,,
353.0,328.1516488040088,303.4845148621989,61.11365025050739,420.1481712070234,221.93182879297666,29.848547736772048,28.127416998787673,33.225681649739165,55591.0498,124398.08120450177,0.13016375342956613,252.48940000000002,2025-05-03 00:00:00+00:00,,
344.2,329.680063203627,305.0812005538774,58.04125122509837,418.0055141384303,234.8344858615696,27.38822581302668,27.979578761635473,32.113266437883546,57705.5387,118046.41048978732,0.15157227050918068,252.48940000000002,2025-05-04 00:00:00+00:00,,
375.3,334.02481908899586,307.83487896352926,64.78015473603466,416.23878714978264,251.0712128502174,27.629418313647477,27.909546672037873,31.865637141792856,101672.5339,116486.99367171233,0.20457275101084238,252.48940000000002,2025-05-05 00:00:00+00:00,,
373.9,337.82245536623435,310.42566802378303,64.27966789482001,410.12679677278237,271.5432032272176,27.391840719391553,27.80600548150861,31.63569565256579,99028.4211,114824.2724744064,0.22522333380810347,252.48940000000002,2025-05-06 00:00:00+00:00,,
367.9,340.686983426593,312.6795633953994,62.06649274347475,402.33160718394157,291.3283928160585,26.414914219967216,27.527787229200335,31.711120332265473,120390.4576,115354.38534351056,0.18536131161767067,252.48940000000002,2025-05-07 00:00:00+00:00,,
423.3,348.5548897669174,317.01761973283476,71.74122061009534,408.8797097593507,299.66029024064926,29.76786452133024,27.97580268762632,32.88517337990442,208132.9597,124190.4400441286,0.2003251862419217,267.3874,2025-05-08 00:00:00+00:00,,
430.5,356.359185979592,321.46790915507654,72.71518740223642,417.2416641850351,305.30833581496483,32.629943936684924,28.90663093743804,34.42350378358249,141886.9623,125875.82311611636,0.1679936665015317,276.2116,2025-05-09 00:00:00+00:00,,
464.5,366.65831112439275,327.0770107568382,76.78433133202711,436.71225983594627,300.7377401640538,37.212713348296916,30.56784741960982,36.14749440678629,96444.3061,123072.82149553385,0.16362664715564676,282.973,2025-05-10 00:00:00+00:00,,
458.8,375.4337100649268,332.2426181781387,74.77108741713516,449.68466882514247,302.2553311748575,39.92442484345395,32.43916290437865,37.7483428426184,78674.6915,118844.42816262586,0.22610060160949683,282.973,2025-05-11 00:00:00+00:00,,
456.5,383.15430910636235,337.11545668095675,73.92877162646067,461.2988290016946,302.46117099830536,41.41053014771143,34.23343635304521,39.566312668539446,147951.8603,121616.56455666148,0.1831280017592222,290.613,2025-05-12 00:00:00+00:00,,
462.0,390.66342252480405,342.0128897522918,74.66379696883612,471.92178202773164,304.4282179722684,42.54168923056028,35.895086928548224,41.25442750689471,98420.7988,119407.44400840801,0.20874738727235123,290.613,2025-05-13 00:00:00+00:00,,
455.4,396.8288108557751,346.4594430953392,72.03912415642043,480.44515663429564,305.6748433657045,42.41662367745829,37.19939427833024,42.82196271393887,83311.5848,115969.74313141678,0.15591049432696677,290.613,2025-05-14 00:00:00+00:00,,
436.5,400.60701934570125,349.9904453268946,64.99323499518482,484.5844152629503,309.8055847370498,40.327565210754926,37.825028464815176,42.57076588432956,115239.8596,115900.23041413899,0.18454020838209623,290.613,2025-05-15 00:00:00+00:00,,
425.3,402.9587317889678,352.94376119642817,61.17483772555529,486.3010668163086,315.6989331836914,37.33781780566534,37.72758633298521,42.33751168540663,59236.9264,110503.72526993527,0.1608263318943382,290.613,2025-05-16 00:00:00+00:00,,
423.5,404.9150430471613,355.7106725220585,60.55904979199685,487.874440876009,320.425559123991,34.426331174262714,37.06733530124071,41.33670127239309,56347.1078,105345.95217756048,0.15058631192505278,290.613,2025-05-17 00:00:00+00:00,,
425.4,406.86599132838404,358.443587325115,61.005250507679406,489.8336719769364,323.1963280230636,31.90449599382748,36.03476743975806,39.60534385689248,85909.4876,103494.8603130309,0.12675087648748715,290.613,2025-05-18 00:00:00+00:00,,
410.8,407.2406588209189,360.4967799790321,55.78287907865719,489.99528659724433,327.4847134027557,28.40044283543716,34.507902518893886,37.611608034825885,112948.8724,104395.24241655177,0.15847751602441915,290.613,2025-05-19 00:00:00+00:00,,
415.5,408.0272627427361,362.6537689994623,57.057319043329144,489.22689103152385,334.28310896847614,25.706379046550865,32.747597824425284,35.760281914335465,69547.1087,101076.37253878493,0.15509497884409423,290.613,2025-05-20 00:00:00+00:00,,
449.7,411.99609486247556,366.06734668575785,64.96938076501313,491.33782567857463,341.3621743214254,26.030900248459886,31.404258309232205,35.19246670539615,122904.3643,103155.22889699588,0.21771373873993358,290.613,2025-05-21 00:00:00+00:00,,
466.5,417.18694297081123,370.0058821098458,68.0805508812843,496.4265993208109,345.4234006791891,27.328677255671153,30.589142098519993,35.266778979828686,102996.3286,103140.09553537722,0.19910443359963242,290.613,2025-05-22 00:00:00+00:00,,
420.5,417.5024722116863,371.9860435957342,53.95150741927172,493.0910168554025,355.50898314459755,24.364500526213646,29.344213784058724,33.76637784960705,100914.3226,102928.1171605794,0.18259938190066272,290.613,2025-05-23 00:00:00+00:00,,
432.0,418.88318914390663,374.339532082176,56.38829385767074,486.86019511743314,370.51980488256675,22.681860632465316,28.011743153740042,32.373148228686965,52499.9938,98125.43874528611,0.20108609912167055,290.613,2025-05-24 00:00:00+00:00,,
432.0,420.13240922543935,376.60072690248285,56.38829385767074,484.28592777804647,378.7640722219535,21.105070281152905,26.630408579222618,30.678679341519718,54446.8197,93965.57026478267,0.18487604378523712,290.613,2025-05-25 00:00:00+00:00,,
434.9,421.53884644206414,378.88697290630705,57.05296189206463,480.2330277716879,388.9169722283121,19.8605186351827,25.276430590414634,30.06077466715357,69532.3361,91638.59558242242,0.13622356191947638,290.613,2025-05-26 00:00:00+00:00,,
448.2,424.07800392377237,381.6051308315499,60.05941518892899,472.7688180018005,404.4111819981994,19.720080523551587,24.165160577042027,29.46353139556529,72219.6165,89789.1690031441,0.16155559805766165,304.51800000000003,2025-05-27 00:00:00+00:00,,
434.8,425.09914640722263,383.69120413227347,55.81961017452181,472.67596984571185,405.6540301542883,18.316374532688997,22.995403368171424,28.908948357661888,54826.4591,86459.38710760657,0.062230531090410296,304.51800000000003,2025-05-28 00:00:00+00:00,,
416.3,424.26113246367765,384.96998044081175,50.517395025786044,473.24744027084347,403.6625597291566,15.53208779303668,21.502740253144477,27.76435113440464,56060.0549,83564.21261164405,0.056907509501377206,324.35580000000004,2025-05-29 00:00:00+00:00,,
376.6,419.7219769909465,384.6417459137211,41.42400027222569,476.04558800350696,392.07441199649315,10.006711141821484,19.20353443087988,26.439083106755913,91391.3697,84309.65614386843,-0.03919251764199994,324.35580000000004,2025-05-30 00:00:00+00:00,,
430.1,420.71036013466585,386.42442254455557,53.55667069373997,473.06353978570723,392.18646021429277,9.831482014609264,17.329123947625757,26.271999857655175,196097.5787,94956.1249587381,-0.05708292028150926,328.4432,2025-05-31 00:00:00+00:00,,
413.8,420.05223059803103,387.4979746016318,50.1485602094512,470.16260515771853,390.8173948422814,8.281869655515948,15.519673089203796,26.116851126347346,74532.8839,93011.05438171542,-0.07332748575306039,328.4432,2025-06-01 00:00:00+00:00,,
403.7,418.4948753029804,388.13334814666587,48.10580632552438,466.1092899246924,389.0407100753076,6.167707611718981,13.649279993706834,25.511534461796114,59208.4987,89791.7633644092,-0.10833580872142115,328.4432,2025-06-02 00:00:00+00:00,,
386.6,415.457268131268,388.07321684679664,44.779970556087825,464.3655990509744,383.90440094902544,3.076923017727381,11.534808598510944,24.450299680722217,137409.4751,94326.78352970356,-0.15293738703578844,328.4432,2025-06-03 00:00:00+00:00,,
381.1,412.18514735686153,387.79975736260855,43.732695381203655,465.26981864215225,377.46018135784766,0.18155704787380955,9.264158288383516,23.253473631366088,48085.4002,89922.84226020798,-0.1664180326843994,328.4432,2025-06-04 00:00:00+00:00,,
351.4,406.39608570382705,386.3723158974082,38.496915476009896,471.04550374469824,364.2944962553017,-4.45819186922364,6.519688256862086,21.98618710996027,112659.8258,92088.2692639977,-0.1833651126883993,331.9658,2025-06-05 00:00:00+00:00,,
367.2,402.66312516060543,385.62046037201964,42.44463483681587,472.47352046000765,357.2364795399924,-6.782118321431369,3.859326941203395,20.809421054369153,86357.2215,91542.45519123602,-0.1903111056644376,343.83140000000003,2025-06-06 00:00:00+00:00,,
385.8,401.0571132405478,385.62750114174435,46.77574754409837,471.618608162934,354.131391837066,-7.041808637874112,1.6790998253878937,19.338390570464604,46048.6205,87209.70903016592,-0.19486140951472944,357.6746,2025-06-07 00:00:00+00:00,,
383.3,399.36595959859085,385.5362265871662,46.27173516288831,471.64419340219246,351.35580659780754,-7.36445137995463,-0.12961041568061105,17.972433692553235,41438.1519,82850.51311300726,-0.20618956782343376,369.3548,2025-06-08 00:00:00+00:00,,
420.1,401.3406301130107,386.89166868178717,54.11017089698973,471.96872840623655,351.4912715937635,-4.597696247624981,-1.023227582069485,17.92397225127115,98162.4753,84308.7952260542,-0.16678714656712704,377.3888,2025-06-09 00:00:00+00:00,,
427.6,403.84152248320015,388.488073831521,55.53398383954063,468.8130357118225,352.4369642881775,-1.7793246055135228,-1.1744469867582925,18.239075235791187,100812.8085,85880.60601404903,-0.22881057715608635,382.0856,2025-06-10 00:00:00+00:00,,
407.7,404.2089965324192,389.2414827008731,51.011461135913876,459.9208219998532,355.4491780001468,-1.138385859067057,-1.1672347612200453,17.956943249066104,87505.8047,86035.38684128245,-0.2799994396285439,390.7376,2025-06-11 00:00:00+00:00,,
385.8,402.45575876742686,389.1065225949565,46.52141725981772,458.6708307977061,353.22916920229386,-2.3702613613205017,-1.4078400812401366,16.914115551991014,89069.8594,86324.38422782699,-0.2609176810633247,392.159,2025-06-12 00:00:00+00:00,,
375.5,399.88854364671954,388.5729334735857,44.53591233672149,456.01435148024007,350.23564851975993,-4.13004688176045,-1.9522814413441993,16.247664894261526,134084.2308,90872.94104422443,-0.22585402019170076,397.2884,2025-06-13 00:00:00+00:00,,
363.5,396.42296806131765,387.58968118050393,42.27229721992653,453.5296944074587,345.8703055925413,-6.4189951170708355,-2.845624176489527,15.628817854941289,44005.8886,86409.41224001256,-0.2549466755941155,397.2884,2025-06-14 00:00:00+00:00,,
367.1,393.63030443643027,386.78616427146454,43.20492605638314,449.37987469365663,343.2401253063435,-7.852000200381553,-3.8468993812679324,15.054174175572497,44571.2525,82424.82559810662,-0.23112070296930556,397.2884,2025-06-15 00:00:00+00:00,,
367.3,391.1226563948655,386.0220009667012,43.25976989383555,441.0580845509938,343.4719154490062,-8.869289081033742,-4.851377321221094,14.041581598034172,77807.4667,81985.07713162027,-0.2804152612890317,397.2884,2025-06-16 00:00:00+00:00,,
350.0,387.2062129286878,384.609373477811,39.6895562916557,436.0278697058879,340.02213029411206,-10.945292744438916,-6.070160405864659,13.925793606326062,176563.7687,90992.57156670406,-0.2637725572042597,397.2884,2025-06-17 00:00:00+00:00,,
362.5,384.8532402688128,383.7423392237792,43.32887761881915,432.72425089089785,337.9457491091021,-11.449907663124634,-7.146109857316654,13.818276185454247,102806.1002,92117.66953177986,-0.2010485806899827,397.2884,2025-06-18 00:00:00+00:00,,
350.6,381.5910269098782,382.4426396463761,40.80448220870895,433.68401912425327,334.38598087574667,-12.664065702970959,-8.249701026447516,13.718438580358988,58716.8642,88936.64045256273,-0.17442351489311086,397.5974,2025-06-19 00:00:00+00:00,,
340.6,377.6871195851279,380.8017518171065,38.76081326540382,427.91127299255413,331.208727007446,-14.268730085152924,-9.453506838188598,14.107530116141405,95023.8858,89516.3781046996,-0.19662809445853097,395.18719999999996,2025-06-20 00:00:00+00:00,,
316.2,371.83120343416334,378.2683497850631,34.2529093657306,427.69896264545844,321.6610373545416,-17.309777904980365,-11.024761051546953,15.257021851990647,83283.7023,88922.78993282345,-0.18052641592923363,377.63599999999997,2025-06-21 00:00:00+00:00,,
305.3,365.49489834519545,375.4068458719234,32.43799109127498,428.9923357635046,310.52766423649547,-20.36461847145506,-12.892732535528577,16.672497275248663,151723.2095,94903.78227255454,-0.16210629495348727,368.675,2025-06-22 00:00:00+00:00,,
349.8,364.0001461218435,374.4026558377303,45.2033209962738,427.23180658183117,308.60819341816875,-18.976079103633708,-14.109401849149604,16.602739674432478,170759.9525,102128.17943707315,-0.034067879500051496,368.675,2025-06-23 00:00:00+00:00,,
345.7,362.25727506262035,373.27706149115266,44.371476968819614,425.8941377877409,306.4058622122592,-17.99900604789184,-14.887322688898053,16.222409489729635,110325.6352,102908.88950973285,-0.050897547065230794,368.675,2025-06-24 00:00:00+00:00,,
323.3,358.54705838998984,371.3171767267938,40.03659263141815,427.07619523962757,302.41380476037244,-18.815270678887316,-15.672912286895905,16.406594655502253,125860.2843,105094.73663261543,-0.06484822764854979,368.675,2025-06-25 00:00:00+00:00,,
319.7,354.84733854332416,369.29297371789994,39.37087831245932,427.69396497458325,297.04603502541676,-19.52755469828395,-16.443840769173516,16.76932303647354,104281.4702,105017.28268665206,-0.0967729992314929,368.675,2025-06-26 00:00:00+00:00,,
326.1,352.1094967772933,367.59913161131567,41.2414068350466,425.6034951505287,293.16650484947127,-19.352534432018842,-17.025579501742584,17.131691006139825,73674.4422,102032.25025935187,-0.08606960863934994,368.675,2025-06-27 00:00:00+00:00,,
329.7,349.97525898897965,366.11289115597,42.31940982050303,423.17314199299244,290.2368580070075,-18.707689101674134,-17.362001421728895,17.241760664970343,45678.2007,96665.19792036599,-0.07863026582179422,368.675,2025-06-28 00:00:00+00:00,,
345.8,349.5776152757435,365.3163071890692,47.002296854655796,412.8465585378965,293.1334414621035,-16.704944878735375,-17.23059011313019,16.580963965608305,48862.2788,92112.53895652162,-0.09835445655461636,368.675,2025-06-29 00:00:00+00:00,,
